# time [BJD], relative flux, relative flux error
2.458437993062221445e+06,9.868165496511187573e-01,1.241761463998379382e-02
2.458438013895606156e+06,1.005052808111864149e+00,1.193624505548547023e-02
2.458438034728992265e+06,9.992142168422893933e-01,1.150823286739451057e-02
2.458438055562378839e+06,9.970892697936074578e-01,1.109731073422281188e-02
2.458438076395765878e+06,1.009498618282336890e+00,1.068681715244615762e-02
2.458438097229153849e+06,9.962954512963847487e-01,1.031254697593191397e-02
2.458438118062542751e+06,1.027116616409972094e+00,9.982793904991193318e-03
2.458438138895931188e+06,1.025216721588495750e+00,9.656897532502945608e-03
2.458438159729321022e+06,1.015680267821769123e+00,9.330520025894370115e-03
2.458438180562710855e+06,1.015105579782950240e+00,9.014709172548908411e-03
2.458438201396100689e+06,1.024469781069750951e+00,8.717859834174593661e-03
2.458438222229490988e+06,1.027466762322816862e+00,8.426339756476790635e-03
2.458438243062881287e+06,1.010998029810345145e+00,8.145210583862480883e-03
2.458438263896271586e+06,1.008969356237186421e+00,7.947177662694846628e-03
2.458438284729662351e+06,1.032101554270296040e+00,7.754751253132765448e-03
2.458438305563052651e+06,1.029757783886890765e+00,7.594706791622551911e-03
2.458438326396442950e+06,1.027176808748835990e+00,7.454475351508845805e-03
2.458438347229833249e+06,1.039950297561505810e+00,7.333226488515655860e-03
2.458438368063223548e+06,1.050789341939861066e+00,7.220597153536882466e-03
2.458438388896613382e+06,1.042673639619068338e+00,7.090488162973029862e-03
2.458438409730003215e+06,1.047187892252796626e+00,7.005347242774667867e-03
2.458438430563392583e+06,1.043864357463943460e+00,6.960412143291663280e-03
2.458438451396781486e+06,1.050874860280926137e+00,6.953074365521208847e-03
2.458438472230170388e+06,1.044923854844536537e+00,6.949666240990250501e-03
2.458438493063558824e+06,1.055643298485058557e+00,6.955128941571403836e-03
2.458438513896946795e+06,1.051266910786789355e+00,6.951540630132504311e-03
2.458438534730334766e+06,1.043532211416497102e+00,6.955511685684397441e-03
2.458438555563721806e+06,1.039359639242951161e+00,6.936539200788454686e-03
2.458438576397108380e+06,1.038316921626746492e+00,6.940667013639541076e-03
2.458438597230494954e+06,1.046194867891187874e+00,6.941048952829821130e-03
2.458438618063880596e+06,1.047778028716801257e+00,6.942242855706151280e-03
2.458438638897265773e+06,1.041835602056483179e+00,6.945791008673876492e-03
2.458438659730650485e+06,1.041969526195417606e+00,6.949688269580930368e-03
2.458438680564034730e+06,1.053253252132337670e+00,6.951780409091817999e-03
2.458438701397418045e+06,1.051336293842223046e+00,6.960355538440222631e-03
2.458438722230801359e+06,1.066158108565984586e+00,6.962020350102340535e-03
2.458438743064183742e+06,1.035318559762675505e+00,6.940076686261862325e-03
2.458438763897565193e+06,1.057334578869598918e+00,6.952668898419498041e-03
2.458438784730946645e+06,1.051857219220587503e+00,6.953664355412107756e-03
2.458438805564327165e+06,1.056886857178835237e+00,6.950994668429298293e-03
2.458438826397707220e+06,1.043918796614182742e+00,6.943877027034518930e-03
2.458438847231086344e+06,1.044648371544913523e+00,6.945976298972467849e-03
2.458438868064465001e+06,1.042111578381358372e+00,6.949608261990277043e-03
2.458438888897843193e+06,1.033406646543057361e+00,6.945909858717979647e-03
2.458438909731220454e+06,1.034877585663600996e+00,6.946994549417526837e-03
2.458438930564597249e+06,1.034855168468711284e+00,6.941787562703977642e-03
2.458438951397973113e+06,1.026314846272143866e+00,6.934744579881573813e-03
2.458438972231348511e+06,1.058706348731687008e+00,6.955442316811836362e-03
2.458438993064722978e+06,1.046778323955571022e+00,6.949023363693900869e-03
2.458439013898096513e+06,1.046035323501103731e+00,6.946664504790873995e-03
2.458439034731470048e+06,1.048391309140338734e+00,6.948204990111105442e-03
2.458439055564842653e+06,1.050706220481478992e+00,6.948424185199772105e-03
2.458439076398214325e+06,1.034765083556951737e+00,6.942224497751280608e-03
2.458439097231585067e+06,1.039121398329834189e+00,6.938250863389642739e-03
2.458439118064955808e+06,1.049526049565694175e+00,6.949280392057812818e-03
2.458439138898325153e+06,1.039850280966089668e+00,6.944815441458970957e-03
2.458439159731694032e+06,1.047588172692583308e+00,6.949859425041762274e-03
2.458439180565062445e+06,1.043201613665313721e+00,6.944819242230619756e-03
2.458439201398429461e+06,1.031122662992171035e+00,6.941488203318041221e-03
2.458439222231796477e+06,1.054133967746813116e+00,6.945264222164734998e-03
2.458439243065162562e+06,1.043420069656416205e+00,6.939683173169359370e-03
2.458439263898527715e+06,1.029352468985610169e+00,6.935376602525349099e-03
2.458439284731892403e+06,1.062863503817564226e+00,6.953036530891399530e-03
2.458439305565256160e+06,1.048081299373850639e+00,6.948452017636661156e-03
2.458439326398618985e+06,1.047822148615374704e+00,6.947141661586151741e-03
2.458439347231981345e+06,1.039463548846207841e+00,6.943824642238449404e-03
2.458439368065343238e+06,1.034992544755712007e+00,6.939419594989747198e-03
2.458439388898703735e+06,1.058349666609442075e+00,6.950305328680649909e-03
2.458439409732064232e+06,1.038962551111056065e+00,6.942827624546310875e-03
2.458439430565423798e+06,1.034145028959767121e+00,6.943443097176953648e-03
2.458439451398781966e+06,1.058064303575596332e+00,6.951425160244916954e-03
2.458439472232140135e+06,1.022285084900849794e+00,6.930050911338872521e-03
2.458439493065497372e+06,1.046415935961160448e+00,6.942471518309700253e-03
2.458439513898853678e+06,1.040186395232084671e+00,6.941074125140984583e-03
2.458439534732209519e+06,1.038962399774021828e+00,6.940464496041593573e-03
2.458439555565564428e+06,1.038973162277713636e+00,6.937585777994283165e-03
2.458439576398918405e+06,1.030011664522754167e+00,6.930314089376104526e-03
2.458439597232271917e+06,1.036637591977433992e+00,6.938034782771413701e-03
2.458439618065624963e+06,1.047018369233890356e+00,6.943827610165517576e-03
2.458439638898976613e+06,1.047462728836495049e+00,6.939210337814558788e-03
2.458439659732328262e+06,1.050974519463229839e+00,6.949062259395343520e-03
2.458439680565678980e+06,1.048824249712131840e+00,6.946194235656660138e-03
2.458439701399028301e+06,1.045486754757454007e+00,6.941574992666008255e-03
2.458439722232377622e+06,1.053940110519022255e+00,6.942618335704295318e-03
2.458439743065726012e+06,1.035226117590690054e+00,6.928861658310130067e-03
2.458439763899073470e+06,1.030255312829448489e+00,6.937581439527137732e-03
2.458439784732420463e+06,1.037179536468047170e+00,6.932816181709329506e-03
2.458439805565766525e+06,1.051964087027860151e+00,6.943599911434244869e-03
2.458439826399112120e+06,1.062151814358289537e+00,6.945733364500274523e-03
2.458439847232456785e+06,1.041457594386009156e+00,6.938666275612752690e-03
2.458439868065800518e+06,1.044269389947028115e+00,6.937535332179316054e-03
2.458439888899143785e+06,1.032929463891489652e+00,6.928491263237025223e-03
2.458439909732486587e+06,1.042392075085035064e+00,6.943234697728161223e-03
2.458439930565828457e+06,1.048092416253294745e+00,6.934107559728761722e-03
2.458439951399169397e+06,1.038694532603901877e+00,6.933229814323292779e-03
2.458439972232509404e+06,1.043767202542707828e+00,6.939767165750609750e-03
2.458439993065849412e+06,1.047383069125955357e+00,6.938229505916102165e-03
2.458440013899188023e+06,1.039436133750478275e+00,6.929715353075354030e-03
2.458440034732526168e+06,1.044674803908115290e+00,6.936867495305273565e-03
2.458440055565863848e+06,1.036345461158399761e+00,6.936484024528075457e-03
2.458440076399200130e+06,1.032007264365782495e+00,6.930675780137811846e-03
2.458440097232536413e+06,1.024927135824799995e+00,6.927594348068326358e-03
2.458440118065871764e+06,1.041168458798388263e+00,6.937991390353071171e-03
2.458440138899206184e+06,1.043203584330512967e+00,6.934048837569535377e-03
2.458440159732540138e+06,1.027336444972027696e+00,6.922826307343150042e-03
2.458440180565873627e+06,1.026938438285774469e+00,6.928975054713339306e-03
2.458440201399205718e+06,1.038532743596203289e+00,6.938292783224451858e-03
2.458440222232537344e+06,1.039968222163758949e+00,6.928159724266978563e-03
2.458440243065868504e+06,1.046044612303310029e+00,6.936816444113997476e-03
2.458440263899198733e+06,1.064542336392613198e+00,6.939041801644618701e-03
2.458440284732528497e+06,1.049475752317079902e+00,6.944897275112518926e-03
2.458440305565857328e+06,1.031555065025394180e+00,6.925758891724852553e-03
2.458440326399185229e+06,1.028796427740062525e+00,6.932463924308175825e-03
2.458440347232513130e+06,1.043955622796836957e+00,6.935580267329921438e-03
2.458440368065839633e+06,1.037129258589659209e+00,6.931539452278883198e-03
2.458440388899165671e+06,1.036556709770812157e+00,6.919817804765078344e-03
2.458440409732491244e+06,1.046707255617994159e+00,6.938575670230733537e-03
2.458440430565815885e+06,1.043786931480535474e+00,6.933160713098144613e-03
2.458440451399139594e+06,1.040567167550835226e+00,6.930367835333919001e-03
2.458440472232463304e+06,1.029735387186634599e+00,6.925681181488925822e-03
2.458440493065785617e+06,1.051558288644147465e+00,6.940399465489285012e-03
2.458440513899107464e+06,1.037221501259701695e+00,6.926818392861754797e-03
2.458440534732428845e+06,1.033810484698952870e+00,6.927512823345161400e-03
2.458440555565749295e+06,1.036486117847019717e+00,6.924106195201053422e-03
2.458440576399068814e+06,1.054399861261034355e+00,6.933292939962612707e-03
2.458440597232388332e+06,1.032659065707710822e+00,6.927052289653114377e-03
2.458440618065706454e+06,1.028132377689040089e+00,6.925671467499205577e-03
2.458440638899024110e+06,1.044437833479941125e+00,6.927204255093657309e-03
2.458440659732341301e+06,1.047001495743623778e+00,6.935669090956840359e-03
2.458440680565657560e+06,1.033449143268641679e+00,6.925388168752861714e-03
2.458440701398973353e+06,1.026990310769287262e+00,6.918922114610714241e-03
2.458440722232288215e+06,1.031514732382683874e+00,6.921716910340470173e-03
2.458440743065602612e+06,1.031807885085067156e+00,6.919701869924409741e-03
2.458440763898916077e+06,1.032240281247442049e+00,6.923697557877346240e-03
2.458440784732229076e+06,1.065075650259986739e+00,6.936712138872060812e-03
2.458440805565541144e+06,1.042116665531455100e+00,6.929832556487103279e-03
2.458440826398852747e+06,1.037584614882003597e+00,6.927500961401831907e-03
2.458440847232163884e+06,1.030840250616538833e+00,6.921724873480447453e-03
2.458440868065474089e+06,1.021958434331620147e+00,6.918297597269609106e-03
2.458440888898783363e+06,1.027984995333428131e+00,6.921922082525572804e-03
2.458440909732092172e+06,1.026274558683193616e+00,6.920070882616119468e-03
2.458440930565400515e+06,1.026405298156274570e+00,6.920476671804097653e-03
2.458440951398707926e+06,1.040158112804510093e+00,6.930312586147077160e-03
2.458440972232014872e+06,1.046089107784672567e+00,6.937083559514274460e-03
2.458440993065320887e+06,1.040700274779774004e+00,6.933889524122002247e-03
2.458441013898625970e+06,1.046438181393716915e+00,6.932381362429216459e-03
2.458441055565235205e+06,1.033817572663729090e+00,6.925899725107808984e-03
2.458441076398538426e+06,1.038705987566290512e+00,6.929086578670167439e-03
2.458441138898444828e+06,1.030390343496349947e+00,6.922094561509734706e-03
2.458441180565045681e+06,1.033148166150494651e+00,6.925678365746875710e-03
2.458441201398345176e+06,1.045800383139504630e+00,6.931066332965744869e-03
2.458441222231643740e+06,1.052630137174668912e+00,6.935375676877329927e-03
2.458441243064942304e+06,1.047378731788695116e+00,6.930302343053513711e-03
2.458441284731536172e+06,1.025273616599403859e+00,6.922381472275954475e-03
2.458441305564832408e+06,1.048145504185405974e+00,6.928356948839505328e-03
2.458441326398127712e+06,1.018544657896782946e+00,6.920011853887172992e-03
2.458441347231422551e+06,1.036858234766820042e+00,6.923164464601496045e-03
2.458441368064716924e+06,1.023143324535100263e+00,6.918710469099074480e-03
2.458441388898010366e+06,1.030950695580816090e+00,6.924015114919485764e-03
2.458441409731303342e+06,1.035014016783741608e+00,6.928108321347374587e-03
2.458441430564595386e+06,1.039928347262803587e+00,6.930893552426859068e-03
2.458441451397886500e+06,1.025311239203603009e+00,6.924058798151468824e-03
2.458441472231177613e+06,1.038134297539206941e+00,6.933256653450701155e-03
2.458441493064467795e+06,1.036121667323324669e+00,6.920585497239954871e-03
2.458441513897757512e+06,1.015474091887866637e+00,6.916507164543623208e-03
2.458441534731046297e+06,1.025220220328374898e+00,6.911834983799310626e-03
2.458441555564334616e+06,1.044585474163393535e+00,6.921421579341989830e-03
2.458441576397622004e+06,1.028026674180199329e+00,6.928953925026012234e-03
2.458441597230908927e+06,1.039329173554807140e+00,6.923828526423253873e-03
2.458441618064195383e+06,1.023830156792887802e+00,6.921007705941245418e-03
2.458441638897480909e+06,1.047084572656111767e+00,6.932188941130555150e-03
2.458441659730765969e+06,1.027387633010759860e+00,6.921816950142203537e-03
2.458441680564050563e+06,1.019855651522324713e+00,6.921060234323618381e-03
2.458441701397334225e+06,1.041341214107788682e+00,6.930028313200151981e-03
2.458441722230616957e+06,1.025771700043841772e+00,6.919776260662463714e-03
2.458441743063899688e+06,1.027315487903507352e+00,6.925229118100651414e-03
2.458441763897181023e+06,1.039554902819258775e+00,6.916718159728714281e-03
2.458441784730462357e+06,1.042751013892082357e+00,6.928056340220245350e-03
2.458441805563742761e+06,1.025784079425481998e+00,6.914000382263332106e-03
2.458441826397022698e+06,1.037135895489835757e+00,6.922297189186459900e-03
2.458441847230301704e+06,1.031705724856415429e+00,6.922704380994087851e-03
2.458441868063580710e+06,1.039409700138024473e+00,6.931016724181224449e-03
2.458441888896858320e+06,1.021996338903910839e+00,6.926512056649863740e-03
2.458441909730135463e+06,1.036843175896020153e+00,6.929151873685289627e-03
2.458441930563412141e+06,1.047245656290672677e+00,6.931332826960342336e-03
2.458441951396687888e+06,1.048543151977448851e+00,6.932521304631864521e-03
2.458441972229963634e+06,1.038356176446192825e+00,6.931982954701626509e-03
2.458441993063238449e+06,1.039023767380827579e+00,6.927468340046771117e-03
2.458442013896512333e+06,1.023209618076107441e+00,6.921139890069439790e-03
2.458442034729785752e+06,1.046471889658213916e+00,6.930156567023958852e-03
2.458442055563058704e+06,1.017073470299708404e+00,6.917842518033913077e-03
2.458442076396330725e+06,1.033178574742855238e+00,6.922749191681774363e-03
2.458442097229602281e+06,1.027489937420394739e+00,6.923408565630635898e-03
2.458442118062872905e+06,1.030047158363678106e+00,6.911083099324847982e-03
2.458442138896143064e+06,1.044891951211739389e+00,6.926943652183600170e-03
2.458442159729412757e+06,1.040060687697307751e+00,6.931815361720440084e-03
2.458442180562681984e+06,1.029399969898334044e+00,6.916160185404905160e-03
2.458442201395950280e+06,1.030670878006263669e+00,6.919979070045850778e-03
2.458442222229218110e+06,1.026129440541709847e+00,6.919251948619191406e-03
2.458442243062485009e+06,1.021711602586454992e+00,6.918613273500234286e-03
2.458442263895751443e+06,1.018046985695295170e+00,6.914254700483873049e-03
2.458442284729017410e+06,1.033024560120891167e+00,6.917832083892978996e-03
2.458442305562282447e+06,1.028074110828468335e+00,6.922442556163002809e-03
2.458442326395547017e+06,1.026901594800897044e+00,6.915508079880293250e-03
2.458442347228811122e+06,1.027881172950339650e+00,6.927290049650270017e-03
2.458442368062074296e+06,1.036945812125968702e+00,6.929490133971242909e-03
2.458442388895337004e+06,1.021694835406198543e+00,6.920880761820507633e-03
2.458442409728598781e+06,1.026229427149635054e+00,6.923911287768367770e-03
2.458442430561860558e+06,1.038881798516674948e+00,6.927930096456114475e-03
2.458442451395120937e+06,1.026173754141343375e+00,6.921158104443898146e-03
2.458442472228381317e+06,1.035237222485846376e+00,6.931550988656657274e-03
2.458442493061640766e+06,1.019944780742924717e+00,6.916757319656081926e-03
2.458442513894899748e+06,1.030657609919236606e+00,6.924429434632495099e-03
2.458442534728157800e+06,1.034562194265837842e+00,6.930281104618946260e-03
2.458442555561415851e+06,1.032250042148028069e+00,6.926488852317102922e-03
2.458442576394672506e+06,1.044805257687186462e+00,6.934102656160024032e-03
2.458442597227929160e+06,1.017632270548972651e+00,6.929979179780030446e-03
2.458442618061184883e+06,1.028215233202372625e+00,6.935037729623351986e-03
2.458442638894439675e+06,1.013071552994307956e+00,6.925223717322449152e-03
2.458442659727694467e+06,1.038901557239401141e+00,6.942752067729991705e-03
2.458442680560948327e+06,1.020387084192228677e+00,6.931161685817428808e-03
2.458442701394201722e+06,1.020109197043872262e+00,6.929989857510242615e-03
2.458442722227454185e+06,1.011724191412193052e+00,6.924639684136564034e-03
2.458442743060706183e+06,1.019516919516366027e+00,6.927883921389422356e-03
2.458442763893957715e+06,1.037784942060281379e+00,6.934279196349186700e-03
2.458442784727208316e+06,1.026934963904214237e+00,6.925120249328910703e-03
2.458442805560458917e+06,1.014975047659206320e+00,6.916415781195030948e-03
2.458442826393708121e+06,1.020794328934803818e+00,6.918545553980783025e-03
2.458442847226957325e+06,1.026959808200119006e+00,6.917007165156972490e-03
2.458442868060205597e+06,1.011774055513045667e+00,6.911910532049152407e-03
2.458442888893452939e+06,1.029137331576048142e+00,6.921733198124458038e-03
2.458442909726700280e+06,1.037310287783907770e+00,6.926088844225815506e-03
2.458442930559946690e+06,1.005895613225026963e+00,6.908576858795781490e-03
2.458442951393192634e+06,1.005848633633664502e+00,6.904183833619552228e-03
2.458442972226437647e+06,1.037633623857500575e+00,6.914892553587466406e-03
2.458442993059682660e+06,1.026322295193171863e+00,6.913892249772183446e-03
2.458443013892926276e+06,1.034265545408540321e+00,6.921199094261811305e-03
2.458443034726169892e+06,1.028705641104223023e+00,6.914354393390254559e-03
2.458443055559412576e+06,1.016619417877837162e+00,6.917726153775296226e-03
2.458443076392654330e+06,1.019784051550284953e+00,6.917290923900736715e-03
2.458443097225896083e+06,1.047042770149688495e+00,6.920959353202547036e-03
2.458443118059136905e+06,1.024873750309532872e+00,6.912859994137390829e-03
2.458443138892377261e+06,1.023583441821067197e+00,6.913323864496779582e-03
2.458443159725617152e+06,1.039154649217009840e+00,6.921528984563224927e-03
2.458443180558856111e+06,1.026790952024666081e+00,6.914418474597296659e-03
2.458443201392094139e+06,1.026419350477724590e+00,6.915062173191778225e-03
2.458443222225332167e+06,1.031181469385057170e+00,6.918399361260704067e-03
2.458443243058569729e+06,1.020356655696551984e+00,6.908953935547829973e-03
2.458443263891805895e+06,1.018515413750146648e+00,6.906151823996127537e-03
2.458443284725042060e+06,1.043657251388316443e+00,6.922768838851053874e-03
2.458443305558277294e+06,1.023761832311274711e+00,6.908207543322011923e-03
2.458443326391512062e+06,1.024518065141476697e+00,6.910718202929693604e-03
2.458443347224746365e+06,1.028258636529512104e+00,6.919289888954445120e-03
2.458443368057979736e+06,1.035700062386447406e+00,6.920349115682607709e-03
2.458443388891212642e+06,1.018045094111288185e+00,6.910382608279723969e-03
2.458443409724445082e+06,1.020901040919093727e+00,6.903880609268202989e-03
2.458443430557676591e+06,1.008475506818198530e+00,6.902572791956325220e-03
2.458443451390907634e+06,1.038698175173626614e+00,6.921519134215097478e-03
2.458443472224138211e+06,1.030775180551714021e+00,6.918516955111933542e-03
2.458443493057368323e+06,1.027396615383046496e+00,6.923921308755480800e-03
2.458443513890597038e+06,1.016319291202928410e+00,6.912819789912657588e-03
2.458443534723825753e+06,1.027444619945868665e+00,6.917619651528843748e-03
2.458443555557054002e+06,1.018092806183117371e+00,6.912071086481290545e-03
2.458443576390281320e+06,1.030384327337571015e+00,6.918751465527566043e-03
2.458443597223508172e+06,1.029214694841279476e+00,6.921543665446980992e-03
2.458443618056734558e+06,1.023744964955263015e+00,6.914074526889280557e-03
2.458443638889960013e+06,1.015306078733657413e+00,6.910944221498555202e-03
2.458443659723185003e+06,1.029672121101621318e+00,6.920764851067262059e-03
2.458443680556409061e+06,1.018463738033429822e+00,6.911530682298871846e-03
2.458443701389632653e+06,1.031906070800971742e+00,6.917431827210134519e-03
2.458443722222856246e+06,1.020685244643226630e+00,6.914658676558456570e-03
2.458443743056078441e+06,1.021164069939887620e+00,6.916866045693610167e-03
2.458443763889300171e+06,1.023070817277117905e+00,6.914294356540249230e-03
2.458443784722521901e+06,1.020543384057265968e+00,6.911280444357889574e-03
2.458443805555742700e+06,1.026201317030685400e+00,6.912826138190423034e-03
2.458443826388962567e+06,1.032153546331545213e+00,6.915748839706434802e-03
2.458443847222181968e+06,1.022796352837651135e+00,6.906995193832842980e-03
2.458443868055400904e+06,1.021471301830652045e+00,6.901029312338362136e-03
2.458443888888618909e+06,1.030501477547112188e+00,6.912544372082170263e-03
2.458443909721836913e+06,1.029251578125329081e+00,6.915340384703602163e-03
2.458443930555053987e+06,1.021639611116158752e+00,6.911228764565652272e-03
2.458443951388270129e+06,1.012492938738878134e+00,6.904876803522602517e-03
2.458443972221485805e+06,1.019085178569785866e+00,6.902592360493991358e-03
2.458443993054701481e+06,1.029943696677860343e+00,6.904988221459670839e-03
2.458444013887915760e+06,1.022044123766366885e+00,6.913141055441870096e-03
2.458444076387555804e+06,1.018365263053803593e+00,6.902730628796320718e-03
2.458444097220768221e+06,1.020549063657514077e+00,6.901369788897829954e-03
2.458444118053979706e+06,1.017643486197065572e+00,6.905521760214847204e-03
2.458444138887190726e+06,1.021947318961299755e+00,6.903884453015146118e-03
2.458444159720400814e+06,1.028214043265169853e+00,6.904023966146601542e-03
2.458444180553610902e+06,1.024847071070499327e+00,6.899364006662167190e-03
2.458444201386820059e+06,1.007865537760576746e+00,6.901298325034219312e-03
2.458444222220028285e+06,1.009391860151079401e+00,6.892395898369776952e-03
2.458444243053236511e+06,1.025874411255687457e+00,6.900232300102880981e-03
2.458444263886443805e+06,1.027287177537021368e+00,6.905218586915038564e-03
2.458444284719650168e+06,1.005532336592317666e+00,6.896224932420277551e-03
2.458444305552856531e+06,1.031196276114592747e+00,6.901859637752768770e-03
2.458444326386061963e+06,1.020640308021119269e+00,6.898526369844097499e-03
2.458444347219266929e+06,1.020714506897236973e+00,6.893041603088718647e-03
2.458444368052470963e+06,1.027176178164443732e+00,6.902999131745634308e-03
2.458444388885674998e+06,1.040738232667875129e+00,6.911819427571163840e-03
2.458444409718877636e+06,1.003304843274138713e+00,6.886286057788374923e-03
2.458444430552080274e+06,1.034633870377265064e+00,6.899567272834743192e-03
2.458444451385282446e+06,1.025949389335758966e+00,6.897357224347437990e-03
2.458444472218483221e+06,1.007688665075245238e+00,6.892302933865992673e-03
2.458444493051683996e+06,1.014452808191486088e+00,6.893100631821625496e-03
2.458444513884884305e+06,1.020185158862092267e+00,6.897520085227970381e-03
2.458444534718083218e+06,1.019383901418952298e+00,6.892082178387773199e-03
2.458444555551282130e+06,1.032841144865606964e+00,6.903553484951329734e-03
2.458444576384490822e+06,1.010048460768034895e+00,6.885472467139205910e-03
2.458444597217688337e+06,1.031285503340494847e+00,6.899815832759138672e-03
2.458444618050885387e+06,1.024891365623719519e+00,6.901637832193861094e-03
2.458444638884081971e+06,1.021922955856486404e+00,6.897576582803098197e-03
2.458444659717277624e+06,1.028156670183877575e+00,6.908245504049831745e-03
2.458444680550472811e+06,1.014521242454392569e+00,6.894304981851493742e-03
2.458444701383667532e+06,1.029023138231198287e+00,6.902171834879864375e-03
2.458444722216861323e+06,1.009665606799266646e+00,6.889376555601110265e-03
2.458444743050054647e+06,1.008784163380692434e+00,6.883413282048870055e-03
2.458444763883247506e+06,1.024435068872811438e+00,6.898773673151573950e-03
2.458444784716439433e+06,1.013396964913023002e+00,6.889026035451365285e-03
2.458444805549630895e+06,1.015405656035728521e+00,6.891532836638011167e-03
2.458444826382821891e+06,1.027654510074313077e+00,6.899065409672448974e-03
2.458444847216011956e+06,1.023945962267502230e+00,6.896675070264878665e-03
2.458444868049202021e+06,1.006105452610730255e+00,6.893056519203675549e-03
2.458444888882391155e+06,1.020739555530188580e+00,6.887289408003512484e-03
2.458444909715579357e+06,1.026003318533463382e+00,6.894316676813912366e-03
2.458444930548767094e+06,1.006254698751703369e+00,6.889636808212721772e-03
2.458444951381954364e+06,1.024251008423215259e+00,6.895991467959086164e-03
2.458444972215141170e+06,1.018843641949642276e+00,6.897545898254558994e-03
2.458444993048327044e+06,1.015198321722255548e+00,6.890658570439018096e-03
2.458445013881512918e+06,1.017530636638942720e+00,6.885467592552053581e-03
2.458445034714697395e+06,1.034907900943220271e+00,6.906910343348497683e-03
2.458445055547881871e+06,1.001635536064352738e+00,6.887325625943776543e-03
2.458445076381065417e+06,1.015056967913861907e+00,6.894868681816925145e-03
2.458445097214248031e+06,1.028511939618405258e+00,6.895314408167574870e-03
2.458445118047430646e+06,1.028595718264752712e+00,6.898433885856529446e-03
2.458445138880612329e+06,1.023950495424698959e+00,6.893605346034431709e-03
2.458445159713793546e+06,1.017064827713920927e+00,6.893996046103825076e-03
2.458445180546974298e+06,1.008286956592211459e+00,6.890535026801698597e-03
2.458445201380154118e+06,1.013479707910258432e+00,6.892548624155591004e-03
2.458445222213333473e+06,1.017667243223290274e+00,6.889626378884009493e-03
2.458445243046512362e+06,1.029374549912448478e+00,6.900907371498976942e-03
2.458445263879690319e+06,1.029552646335734734e+00,6.892986750700636454e-03
2.458445284712867811e+06,1.008502976694939157e+00,6.896513604328696409e-03
2.458445305546044838e+06,1.014593920077978995e+00,6.892910494627885014e-03
2.458445326379220933e+06,1.020232303254353656e+00,6.887692324810202119e-03
2.458445347212396562e+06,1.021252466249320534e+00,6.894813607876270657e-03
2.458445368045571726e+06,1.013191104144438803e+00,6.885345988998812713e-03
2.458445388878746424e+06,1.004940875094801012e+00,6.886136548915686509e-03
2.458445409711920191e+06,1.005749242249035502e+00,6.883351164714046448e-03
2.458445430545093492e+06,1.000173524080720133e+00,6.883209026621518734e-03
2.458445451378265861e+06,1.001892752877436843e+00,6.891403295978551502e-03
2.458445472211437766e+06,1.001366825921174319e+00,6.879388366028721391e-03
2.458445493044609204e+06,1.023399825281662734e+00,6.895534094783745127e-03
2.458445513877780177e+06,1.005013636098067487e+00,6.887111607036557753e-03
2.458445534710950218e+06,1.024258940716534783e+00,6.889943831850981262e-03
2.458445555544119794e+06,1.016736682389737467e+00,6.891117310932404379e-03
2.458445576377288904e+06,1.008307431887506045e+00,6.884533519477709952e-03
2.458445597210457083e+06,1.007509462827941960e+00,6.885995824403206081e-03
2.458445618043624796e+06,1.017898662667934051e+00,6.897519877410865710e-03
2.458445638876792043e+06,1.024084931142890786e+00,6.899636373196054578e-03
2.458445659709958360e+06,9.950300194387665664e-01,6.887109072630536767e-03
2.458445680543124210e+06,1.015982868907405301e+00,6.887442185495536162e-03
2.458445701376289595e+06,1.011874217189436598e+00,6.887270475003786328e-03
2.458445722209454048e+06,1.030116486468297232e+00,6.896423574552916144e-03
2.458445743042618502e+06,1.013195342235680085e+00,6.892328245294495302e-03
2.458445763875782024e+06,9.967325036776053526e-01,6.876468742295980055e-03
2.458445784708944615e+06,1.008559735872344820e+00,6.887686402777879260e-03
2.458445805542106740e+06,1.020401669846328963e+00,6.888121992746479294e-03
2.458445826375268400e+06,1.014024487901401983e+00,6.894077244678922280e-03
2.458445847208429128e+06,1.017628562404148784e+00,6.898814297611200949e-03
2.458445868041589856e+06,1.005505973563009636e+00,6.884425979781012839e-03
2.458445888874749653e+06,1.022206871422009167e+00,6.894993603919588251e-03
2.458445909707908519e+06,1.008256067423290769e+00,6.888854567758196171e-03
2.458445930541066919e+06,1.019537060155720098e+00,6.892077035052523309e-03
2.458445951374224853e+06,1.007520674060565558e+00,6.887178005612652580e-03
2.458445972207381856e+06,1.019357372867024880e+00,6.899445221779096533e-03
2.458445993040538859e+06,1.019364244989421797e+00,6.887173292610444461e-03
2.458446013873694930e+06,1.024815294043584846e+00,6.896989162389567142e-03
2.458446034706850071e+06,1.016013333578291711e+00,6.888963222776728172e-03
2.458446055540004745e+06,1.000646868527753641e+00,6.883109899927969920e-03
2.458446076373159420e+06,1.009742408040467998e+00,6.886711819163363231e-03
2.458446097206312697e+06,1.016307026084301457e+00,6.892400255806175637e-03
2.458446118039465509e+06,1.004762934910848671e+00,6.878867842302532724e-03
2.458446138872617856e+06,1.011468634469695260e+00,6.885897543964276599e-03
2.458446159705769271e+06,1.013614629025457514e+00,6.888578343897356140e-03
2.458446180538920686e+06,1.016249660304054947e+00,6.890367914155379539e-03
2.458446201372071169e+06,1.023292314658967639e+00,6.893439107584282098e-03
2.458446222205220722e+06,1.011063469880031152e+00,6.882489972267076192e-03
2.458446243038370274e+06,1.011455833838849738e+00,6.887622401150070989e-03
2.458446263871518895e+06,1.015998630185974028e+00,6.890606613111903769e-03
2.458446284704666585e+06,1.022928911044147959e+00,6.896799402891401996e-03
2.458446305537813809e+06,1.017154761129772211e+00,6.886188321488870799e-03
2.458446326370960567e+06,1.018340728062836709e+00,6.892932232519247832e-03
2.458446347204106394e+06,1.035098873259390651e+00,6.893652835069344516e-03
2.458446368037252221e+06,9.930871370368828943e-01,6.876236255052447892e-03
2.458446388870397117e+06,1.021539443712554007e+00,6.885078381774194060e-03
2.458446409703541081e+06,1.008949901333357824e+00,6.886437649125991267e-03
2.458446430536684580e+06,1.025200167134572515e+00,6.892715057406456972e-03
2.458446451369827613e+06,1.017512039720744665e+00,6.883798639522934609e-03
2.458446472202969715e+06,9.967432633877375547e-01,6.879434484514989137e-03
2.458446493036111817e+06,1.017710287120226820e+00,6.893523751698638589e-03
2.458446513869252987e+06,1.011306099115396595e+00,6.886611299339839322e-03
2.458446534702393226e+06,9.979001021413471673e-01,6.879305081990685564e-03
2.458446555535533000e+06,1.007194596622615457e+00,6.886136107231766168e-03
2.458446576368672308e+06,1.008859297576337966e+00,6.878891647534031428e-03
2.458446597201810684e+06,1.028145311145395535e+00,6.893593254678399840e-03
2.458446618034948595e+06,1.031609014441259076e+00,6.894261900869691831e-03
2.458446638868086040e+06,1.009881319721866566e+00,6.887452454991719285e-03
2.458446659701222554e+06,1.006345245495606333e+00,6.884489261788844655e-03
2.458446680534358602e+06,1.021434645687456122e+00,6.890608429084895542e-03
2.458446701367494185e+06,9.932723014170079523e-01,6.873319940515553589e-03
2.458446722200628836e+06,9.930401545793908769e-01,6.875714401748371334e-03
2.458446743033763021e+06,1.013145771273567863e+00,6.883445662731080272e-03
2.458446763866896275e+06,9.866475998967595418e-01,6.876202873676655856e-03
2.458446784700029064e+06,1.015255928064896285e+00,6.889249263095075307e-03
2.458446805533161387e+06,9.881623828687017275e-01,6.864412198383623188e-03
2.458446826366293244e+06,1.005971889033743683e+00,6.878525000477292602e-03
2.458446847199424170e+06,9.986229800703186887e-01,6.880834463493203622e-03
2.458446868032554165e+06,1.013243055942914639e+00,6.885006158832291008e-03
2.458446888865684159e+06,1.004464755156847744e+00,6.871032931117776639e-03
2.458446909698813222e+06,1.008642217759916804e+00,6.886169412399965883e-03
2.458446930531941354e+06,9.970013405927248273e-01,6.870900048346281937e-03
2.458446951365069486e+06,1.019684356835593109e+00,6.895315676680060027e-03
2.458446972198196221e+06,9.946351177975981672e-01,6.877797615520002752e-03
2.458446993031322956e+06,1.022240953652816975e+00,6.891648855616040042e-03
2.458447013864448760e+06,1.000083345885121711e+00,6.883714129499212547e-03
2.458447055530698504e+06,9.998262922484058013e-01,6.880903923655756760e-03
2.458447076363822445e+06,9.887869616966231678e-01,6.871735338339604073e-03
2.458447097196945455e+06,1.003485857731526654e+00,6.885436878631139186e-03
2.458447118030068465e+06,1.010247764152117256e+00,6.887431454960852260e-03
2.458447138863190543e+06,1.007306575894186595e+00,6.888388670972196703e-03
2.458447159696311690e+06,1.018960777096330483e+00,6.887500163157153979e-03
2.458447180529432371e+06,1.000411546934877993e+00,6.879284524494449007e-03
2.458447201362552587e+06,1.013325298648305672e+00,6.880878721110541066e-03
2.458447222195671871e+06,1.012961697603419031e+00,6.893053397616406494e-03
2.458447243028790690e+06,9.992056910704595341e-01,6.883216693452817898e-03
2.458447263861909043e+06,9.957157703126974235e-01,6.877888340282120594e-03
2.458447284695026465e+06,1.007301882032920259e+00,6.883277284335459836e-03
2.458447305528142955e+06,9.999824848476848160e-01,6.888959766956836636e-03
2.458447326361259446e+06,1.005803801191238689e+00,6.893117032993331846e-03
2.458447347194375005e+06,1.000249033005421007e+00,6.890286204140874150e-03
2.458447368027489632e+06,1.006818642249338147e+00,6.889445934655703645e-03
2.458447388860603794e+06,1.005101481615004344e+00,6.886737150001155140e-03
2.458447409693717491e+06,9.940299320165389974e-01,6.888147835701027323e-03
2.458447430526830256e+06,1.006786711425801784e+00,6.896407340881954839e-03
2.458447451359942555e+06,1.005882928458276870e+00,6.897578721371983544e-03
2.458447472193054389e+06,9.844356902138358123e-01,6.879323893437470396e-03
2.458447493026165292e+06,1.009328642991321745e+00,6.899315558620830631e-03
2.458447513859275263e+06,1.014668085062164771e+00,6.894447890727823693e-03
2.458447534692385234e+06,1.008267980398577679e+00,6.893161464050786592e-03
2.458447555525493808e+06,1.015581321221741051e+00,6.892957654775507155e-03
2.458447576358602382e+06,9.921296656802308656e-01,6.887145644214735275e-03
2.458447597191710025e+06,9.902578832326589531e-01,6.883410079874996770e-03
2.458447618024817202e+06,1.005050447968414584e+00,6.897416989539637694e-03
2.458447638857923448e+06,9.764454215706817042e-01,6.883067299453850263e-03
2.458447659691029228e+06,1.009902498050332831e+00,6.890783873930588638e-03
2.458447680524134077e+06,1.012462074794887812e+00,6.900278541212320760e-03
2.458447701357238460e+06,1.001946141022914460e+00,6.892049641875447677e-03
2.458447722190342378e+06,1.009908032578525017e+00,6.906497350645994168e-03
2.458447743023444898e+06,9.897444097969025911e-01,6.888864105955714440e-03
2.458447763856547419e+06,1.020004032830986951e+00,6.908920465778226570e-03
2.458447784689649474e+06,9.945114577338217687e-01,6.891366594957198423e-03
2.458447805522750132e+06,9.845623613216115677e-01,6.895251898529694036e-03
2.458447826355850324e+06,1.007206594511883990e+00,6.896018543320071512e-03
2.458447847188950516e+06,9.781935850340862659e-01,6.889923922273641192e-03
2.458447868022049312e+06,1.022286101182934503e+00,6.910589910694680225e-03
2.458447888855147641e+06,1.006815463770145636e+00,6.909230796840273164e-03
2.458447909688245505e+06,9.967085765739893688e-01,6.902808036519774912e-03
2.458447930521341972e+06,1.006353985577318477e+00,6.901605270500574957e-03
2.458447951354438439e+06,1.012864238624798796e+00,6.913104824988062884e-03
2.458447972187534440e+06,1.009907979891033314e+00,6.904735731019505732e-03
2.458447993020629045e+06,1.008571083978507144e+00,6.902918583177316408e-03
2.458448013853723649e+06,1.015978479841621152e+00,6.909531143258415553e-03
2.458448034686817322e+06,1.007364454726680458e+00,6.912420615827362912e-03
2.458448055519910064e+06,1.010041981496579755e+00,6.906481897104109653e-03
2.458448076353002340e+06,1.011619338779781163e+00,6.911692991910964486e-03
2.458448097186094150e+06,1.012493706546762517e+00,6.909994113784879988e-03
2.458448118019184563e+06,1.006184360629772900e+00,6.913422969095860647e-03
2.458448138852274977e+06,1.003881824791059252e+00,6.905647960747374019e-03
2.458448159685364924e+06,9.952947603633023332e-01,6.913260940856241071e-03
2.458448180518453475e+06,1.005023188696778425e+00,6.910641076446970635e-03
2.458448201351541560e+06,1.006528477547440570e+00,6.910968089723797808e-03
2.458448222184629180e+06,9.823649978785679027e-01,6.897612845114840102e-03
2.458448243017715868e+06,9.880548670086695129e-01,6.902698156417749059e-03
2.458448263850802090e+06,1.007354194720661900e+00,6.907145013706718004e-03
2.458448284683887847e+06,9.976679308259013279e-01,6.906876149020724741e-03
2.458448305516972207e+06,1.004981482698849238e+00,6.912255018209385350e-03
2.458448326350056566e+06,9.825988672977860050e-01,6.899722403529835041e-03
2.458448347183139995e+06,1.002568047383268768e+00,6.915561199537364687e-03
2.458448368016222492e+06,9.974726408501726205e-01,6.914576505307549678e-03
2.458448388849304523e+06,1.010947138944100931e+00,6.919243525978753008e-03
2.458448409682385623e+06,9.878743492628416778e-01,6.902798290473937358e-03
2.458448430515466258e+06,1.003018154735685785e+00,6.907439856331255498e-03
2.458448451348546427e+06,9.891102733454564255e-01,6.903758270296610038e-03
2.458448472181625664e+06,9.970319002565842803e-01,6.907621420842406136e-03
2.458448493014703970e+06,9.923985492686228094e-01,6.908507969405086949e-03
2.458448513847781811e+06,9.956433995726506891e-01,6.919379231565667490e-03
2.458448534680859186e+06,1.003241490311499451e+00,6.916337023327103102e-03
2.458448555513935164e+06,9.876949797816065857e-01,6.909999119462525811e-03
2.458448576347011141e+06,9.941925745086548361e-01,6.913901298440500685e-03
2.458448597180086188e+06,9.988071701380255574e-01,6.908359019453948202e-03
2.458448618013160303e+06,1.019193252422221585e+00,6.922538121312081690e-03
2.458448638846233953e+06,9.741177295464306107e-01,6.901216095348293444e-03
2.458448659679307137e+06,1.002802787919503613e+00,6.913462949684071393e-03
2.458448680512379389e+06,9.898233523836145187e-01,6.909985666075949169e-03
2.458448701345450711e+06,1.013549370849979869e+00,6.918765095285703270e-03
2.458448722178521566e+06,9.984328072931203391e-01,6.913266976720914593e-03
2.458448743011591490e+06,9.870658401941830862e-01,6.914635859369376580e-03
2.458448763844661415e+06,1.003632185807377120e+00,6.915170325108226795e-03
2.458448784677729942e+06,9.986176049475967709e-01,6.921251135563187204e-03
2.458448805510798004e+06,9.967115006780065123e-01,6.915026201932065152e-03
2.458448826343865134e+06,1.002708819380708993e+00,6.916041505647099220e-03
2.458448847176931798e+06,9.915290535184028142e-01,6.906384807850534518e-03
2.458448868009997532e+06,9.847086261517598027e-01,6.910309662657512959e-03
2.458448888843062799e+06,1.010933268759396375e+00,6.927962752698373430e-03
2.458448909676127601e+06,1.001662862818206046e+00,6.911628076427720445e-03
2.458448930509191006e+06,1.004414250817516008e+00,6.919226340051749455e-03
2.458448951342254411e+06,9.992289899731023883e-01,6.916048023901857217e-03
2.458448972175316885e+06,1.007835269050352922e+00,6.918659023042163410e-03
2.458448993008378427e+06,1.001301276332703161e+00,6.922793105885454053e-03
2.458449013841439504e+06,1.010212363100629007e+00,6.925391241605530213e-03
2.458449034674499650e+06,9.872018206672915630e-01,6.913613369279215590e-03
2.458449055507558864e+06,9.994353675788530955e-01,6.918261161960310816e-03
2.458449076340618078e+06,1.003033031116967955e+00,6.919132434065648589e-03
2.458449097173676360e+06,9.869851206399791188e-01,6.910645567015464945e-03
2.458449118006733246e+06,9.860820733639956703e-01,6.910800713314535840e-03
2.458449138839790132e+06,9.832559311318277429e-01,6.904689305724544084e-03
2.458449159672846552e+06,9.988076598615125423e-01,6.921196063071352947e-03
2.458449180505901575e+06,9.878190336847078035e-01,6.919013169604857835e-03
2.458449201338956133e+06,9.958447681694631015e-01,6.914950240305917095e-03
2.458449222172010224e+06,9.981560749878979344e-01,6.921938223859452552e-03
2.458449243005063385e+06,1.004393032563472898e+00,6.916880044742401007e-03
2.458449263838116080e+06,9.937756258162361300e-01,6.919137838448136124e-03
2.458449284671167843e+06,9.884140203631425203e-01,6.914833721549219249e-03
2.458449305504218675e+06,9.768979622733112711e-01,6.905542795564777875e-03
2.458449326337269507e+06,9.970906417241788278e-01,6.917923742453598902e-03
2.458449347170319408e+06,1.005501969702463194e+00,6.922508465201786775e-03
2.458449368003368378e+06,9.994679612913166533e-01,6.921293923287117136e-03
2.458449388836416882e+06,9.924519440555209515e-01,6.915068959102735509e-03
2.458449409669464454e+06,9.842638810475513589e-01,6.907324824901609969e-03
2.458449430502511561e+06,1.004424508568219077e+00,6.921481976062292783e-03
2.458449451335557736e+06,9.973723392683484512e-01,6.919151221810589114e-03
2.458449472168603446e+06,9.941101734084839547e-01,6.917051758449400956e-03
2.458449493001648691e+06,9.890299580875995256e-01,6.914541803734085973e-03
2.458449513834693003e+06,9.898202731603461535e-01,6.914623797234467628e-03
2.458449534667736851e+06,9.882692445427004868e-01,6.913070443112534838e-03
2.458449555500780232e+06,9.960986145144277160e-01,6.917429263537670098e-03
2.458449576333822217e+06,9.845362084483373355e-01,6.918941621688062642e-03
2.458449597166864201e+06,9.888547947326855603e-01,6.915534241696887421e-03
2.458449617999905720e+06,1.002532846311877002e+00,6.914569879805988230e-03
2.458449638832945842e+06,9.925138005458110646e-01,6.915130423092727754e-03
2.458449659665985964e+06,9.972114459492674721e-01,6.917679155208662257e-03
2.458449680499025621e+06,9.824728517667125072e-01,6.907149895346536075e-03
2.458449701332064345e+06,9.960970573586163113e-01,6.916826688993783084e-03
2.458449722165102605e+06,9.796193457790602910e-01,6.912798143184591300e-03
2.458449742998140398e+06,9.849283094407341732e-01,6.907475347297720690e-03
2.458449763831177261e+06,9.898989749382047787e-01,6.907865026118781629e-03
2.458449784664213657e+06,9.929226287309536048e-01,6.916194658229423732e-03
2.458449805497250054e+06,9.947554254479588076e-01,6.914952773786396320e-03
2.458449826330285519e+06,9.824466331809486030e-01,6.911170524344270594e-03
2.458449847163320519e+06,9.935329088092360594e-01,6.917436285632578251e-03
2.458449867996355053e+06,1.001118730598621553e+00,6.911811185552133897e-03
2.458449888829389121e+06,9.791488345412018290e-01,6.899722693725600896e-03
2.458449909662422724e+06,9.946906258638916754e-01,6.911590254684286255e-03
2.458449930495455861e+06,9.788945515731792835e-01,6.907589154713734449e-03
2.458449951328488532e+06,9.821111334486998246e-01,6.907579882556829330e-03
2.458449972161521204e+06,9.797586263257525019e-01,6.935024137236856130e-03
2.458449992994553410e+06,9.836971588851126658e-01,7.038550342868299045e-03
2.458450013827585150e+06,9.811527335162688601e-01,7.252296379566683729e-03
2.458450055493647698e+06,9.721681460651322437e-01,7.872032664981374814e-03
2.458450076326678507e+06,9.378092409979155164e-01,8.214232180115410564e-03
2.458450097159709316e+06,9.692347988929779223e-01,8.558978771783947587e-03
2.458450117992740124e+06,9.604996302568016286e-01,8.884923051139602401e-03
2.458450138825770468e+06,9.583454278392093961e-01,9.203468128131022524e-03
2.458450159658801276e+06,9.539907615224548776e-01,9.540970345536999367e-03
2.458450180491832085e+06,9.785905622944697235e-01,9.906687265114524910e-03
2.458451576308599673e+06,9.461802082625418997e-01,8.398463419409024980e-03
2.458451597141745035e+06,9.276828861588375386e-01,8.085733853390149675e-03
2.458451617974890862e+06,9.396066820290610577e-01,7.822455520505011348e-03
2.458451638808036689e+06,9.482622573406049860e-01,7.609384883703114444e-03
2.458451659641182516e+06,9.483019092935155436e-01,7.434305994443157588e-03
2.458451680474328343e+06,9.697664539823168672e-01,7.290544064394242040e-03
2.458451701307473704e+06,9.564156717134376651e-01,7.154497191422970470e-03
2.458451722140619066e+06,9.616447473485210118e-01,7.016648752325286599e-03
2.458451742973764427e+06,9.536752651247173418e-01,6.922886343698559687e-03
2.458451763806908857e+06,9.597001716841104813e-01,6.893283486965439376e-03
2.458451784640053753e+06,9.752080411084161904e-01,6.880837712863382798e-03
2.458451805473198183e+06,9.838120287983536105e-01,6.880689945679491042e-03
2.458451826306341682e+06,9.756218467747591605e-01,6.872363766704840497e-03
2.458451847139485180e+06,9.708472053918810740e-01,6.875821274754431722e-03
2.458451867972628213e+06,9.724554924532247124e-01,6.880189084683601373e-03
2.458451888805770781e+06,9.807290566799232723e-01,6.877882245417652439e-03
2.458451909638912883e+06,9.741224282886379315e-01,6.875327578045801850e-03
2.458451930472054519e+06,9.671909320138191157e-01,6.876046680777028741e-03
2.458451951305195689e+06,9.739627089636464508e-01,6.879689602123318683e-03
2.458451972138335928e+06,9.777173196587751747e-01,6.871678558571273424e-03
2.458451992971476167e+06,9.644322344323665863e-01,6.867946640914640577e-03
2.458452013804615475e+06,9.852502894678946133e-01,6.881530345763090320e-03
2.458452034637754317e+06,9.762667841864667295e-01,6.873101777754124508e-03
2.458452055470892694e+06,9.698772081579579707e-01,6.873103370994477525e-03
2.458452076304030139e+06,9.815544258202780759e-01,6.879330044968917819e-03
2.458452097137167118e+06,9.727789560030175586e-01,6.872558512799095687e-03
2.458452117970303632e+06,9.747370407716406948e-01,6.875805341744869841e-03
2.458452138803439215e+06,9.773389354975978716e-01,6.874348021815379975e-03
2.458452159636574332e+06,9.816878127519317321e-01,6.870926914644893968e-03
2.458452180469708983e+06,9.756845835236831466e-01,6.876396060158818796e-03
2.458452201302842237e+06,9.720544516440260407e-01,6.863623793764417162e-03
2.458452222135975491e+06,9.737115305828031309e-01,6.879683374454419013e-03
2.458452242969107814e+06,9.788130461930233395e-01,6.870633928863949420e-03
2.458452263802239206e+06,9.725212029044694173e-01,6.873373483376554391e-03
2.458452284635370597e+06,9.786556208280693392e-01,6.874996365359424544e-03
2.458452305468500592e+06,9.794116689925349561e-01,6.869277509195428899e-03
2.458452326301630121e+06,9.867646517744047552e-01,6.875362511971182776e-03
2.458452347134758718e+06,9.656998341868137103e-01,6.868898427489789245e-03
2.458452367967886850e+06,9.914036176318399285e-01,6.875441199333929068e-03
2.458452388801014517e+06,9.762057732629305651e-01,6.869463638111934951e-03
2.458452409634141251e+06,9.906140601249587840e-01,6.874678134844624568e-03
2.458452430467267055e+06,9.956953410390151360e-01,6.883480131023867084e-03
2.458452451300391927e+06,9.906971921200963260e-01,6.875455274967027380e-03
2.458452472133516800e+06,9.910009579860288298e-01,6.874824525701455323e-03
2.458452492966640275e+06,9.816198969626651616e-01,6.874001920732343042e-03
2.458452513799763285e+06,9.637870671467447803e-01,6.870219932342338208e-03
2.458452534632885829e+06,9.864192480536589924e-01,6.869907909483067600e-03
2.458452555466006976e+06,9.792305142503751059e-01,6.865746810796800187e-03
2.458452576299128123e+06,9.785829405290569216e-01,6.867067243389211699e-03
2.458452597132248338e+06,9.798476977606925820e-01,6.862638259165427732e-03
2.458452617965367157e+06,1.010624356602737750e+00,6.890137304828286048e-03
2.458452638798485976e+06,1.007650886887338393e+00,6.881173468523298260e-03
2.458452659631603863e+06,9.964144264712071486e-01,6.882825581266009685e-03
2.458452680464720819e+06,9.991769456727470633e-01,6.876191276290677216e-03
2.458452701297837310e+06,9.942238900526720879e-01,6.872773740996715799e-03
2.458452722130952869e+06,9.806754642903756647e-01,6.869423941152331785e-03
2.458452742964067496e+06,9.958303732454302226e-01,6.880048536813647073e-03
2.458452763797181658e+06,9.896759233810480394e-01,6.872983634837537617e-03
2.458452784630295355e+06,9.899155850207863594e-01,6.873871692757806129e-03
2.458452805463407654e+06,9.949600735494119608e-01,6.875544619474266948e-03
2.458452826296519488e+06,9.860676779083917820e-01,6.869017380665726202e-03
2.458452847129630856e+06,9.749716289382445167e-01,6.869628645441959447e-03
2.458452867962741293e+06,1.001115165730574352e+00,6.879646492764478205e-03
2.458452888795850798e+06,9.999296987763774958e-01,6.875275939468194347e-03
2.458452909628959838e+06,9.961004238081981876e-01,6.871158113621469478e-03
2.458452930462067947e+06,9.811924864149265124e-01,6.867275924808312337e-03
2.458452951295175590e+06,9.730868618478607512e-01,6.859351893249109738e-03
2.458452972128281835e+06,9.748489498492989291e-01,6.860581733116454840e-03
2.458452992961388081e+06,9.843935272593248298e-01,6.867026231052822741e-03
2.458453013794493396e+06,9.899699311693768156e-01,6.869479112736634648e-03
2.458453034627597779e+06,9.772140104737927491e-01,6.860495146360706849e-03
2.458453055460701697e+06,9.721445786399108835e-01,6.857708685078260299e-03
2.458453076293804683e+06,9.912750199593577394e-01,6.874877461488544152e-03
2.458453097126907203e+06,9.868942823891536653e-01,6.864746189493879484e-03
2.458453117960008793e+06,9.872790930128535480e-01,6.864987166736891133e-03
2.458453138793109450e+06,9.836660925904209263e-01,6.866359035257328138e-03
2.458453159626209643e+06,9.885247625821367290e-01,6.864224048590235501e-03
2.458453180459308904e+06,9.863690609982495028e-01,6.867426899255051759e-03
2.458453201292407699e+06,9.853098469353763766e-01,6.875553623630593740e-03
2.458453222125505563e+06,1.000718196178025154e+00,6.872049320844620703e-03
2.458453242958602961e+06,9.872661852375068658e-01,6.870763756592648125e-03
2.458453263791699428e+06,1.011657215115776554e+00,6.878674495803562688e-03
2.458453284624795429e+06,9.955785304294940685e-01,6.871165742765727655e-03
2.458453305457890499e+06,9.840385412232195428e-01,6.863240733888513814e-03
2.458453326290984638e+06,9.839279245401906238e-01,6.870420492397636032e-03
2.458453347124078311e+06,9.909107491856588013e-01,6.867631519615676784e-03
2.458453367957171053e+06,9.822819646810370120e-01,6.867625470130373465e-03
2.458453388790263329e+06,9.811100714409725088e-01,6.859843660921126872e-03
2.458453409623354673e+06,9.887647730864980167e-01,6.869562119039731261e-03
2.458453430456445552e+06,9.949009206998248311e-01,6.869773177998207345e-03
2.458453451289535500e+06,9.996777125252307439e-01,6.873359272241091542e-03
2.458453472122624982e+06,9.881893066942766257e-01,6.870012327857062673e-03
2.458453492955713999e+06,9.768883492937836532e-01,6.865978174910234745e-03
2.458453513788801618e+06,9.940062440601072913e-01,6.867952568657242039e-03
2.458453534621888772e+06,9.980414305398324082e-01,6.865949366970916859e-03
2.458453555454975460e+06,9.947336763536805959e-01,6.872328357057541984e-03
2.458453576288061216e+06,1.003352474168550446e+00,6.880968275228781933e-03
2.458453597121146508e+06,9.664171370257629290e-01,6.854972229704416921e-03
2.458453617954230867e+06,9.848908327371301841e-01,6.867936134870712521e-03
2.458453638787314761e+06,9.852993747605239827e-01,6.865518392236766645e-03
2.458453659620397724e+06,9.944906504842668804e-01,6.871606336286677046e-03
2.458453680453480221e+06,1.001480019719502179e+00,6.874051464365698617e-03
2.458453701286561787e+06,9.821415780516828953e-01,6.868443620289476151e-03
2.458453722119642422e+06,1.002632818292072514e+00,6.878902692163168901e-03
2.458453742952723056e+06,9.964373540014385133e-01,6.872324691827419972e-03
2.458453763785802294e+06,9.856061833116620541e-01,6.878432438867669065e-03
2.458453784618881531e+06,9.952831921524681880e-01,6.877171949676917466e-03
2.458453805451959837e+06,9.978218445124504843e-01,6.878659106778056524e-03
2.458453826285037212e+06,9.741671414753594327e-01,6.867286725791155698e-03
2.458453847118113656e+06,9.964902036540020935e-01,6.891113532164894542e-03
2.458453867951190099e+06,1.005988391724482955e+00,6.889884441531783123e-03
2.458453888784265611e+06,9.837306177858634593e-01,6.880667529331216913e-03
2.458453909617340192e+06,9.868513324548833232e-01,6.875550924922807852e-03
2.458453930450414307e+06,1.003835385629473942e+00,6.889066151882462449e-03
2.458453951283487491e+06,9.874488205101267235e-01,6.878432083420002105e-03
2.458453972116560210e+06,9.967221476839812633e-01,6.881206596802890048e-03
2.458453992949632462e+06,9.811272614045770668e-01,6.869641709885854208e-03
2.458454013782703783e+06,1.008117350561682057e+00,6.886140816207962992e-03
2.458454034615774639e+06,9.975635206480120143e-01,6.880793835139318443e-03
2.458454055448844563e+06,9.962756539118095001e-01,6.881481237816253725e-03
2.458454076281914022e+06,1.001943742160984252e+00,6.872165451619929345e-03
2.458454097114983015e+06,1.012037049878659722e+00,6.885259571853948220e-03
2.458454117948050611e+06,9.897957016532615837e-01,6.872548608512271846e-03
2.458454138781118207e+06,9.816331177115221740e-01,6.867958382884868304e-03
2.458454159614184871e+06,9.726654417375748540e-01,6.859560965297462412e-03
2.458454180447251070e+06,9.907445193076019896e-01,6.875056709120742210e-03
2.458454201280316338e+06,9.802729686798370423e-01,6.868547486194794514e-03
2.458454222113380674e+06,9.865816411848796763e-01,6.860633930435013420e-03
2.458454242946444545e+06,9.864303517251511444e-01,6.872490412795812485e-03
2.458454263779507950e+06,9.974531717325414437e-01,6.871692250280040173e-03
2.458454284612570889e+06,9.936005903514157911e-01,6.863658608678858096e-03
2.458454305445632897e+06,9.788225841066353627e-01,6.871239538048573917e-03
2.458454326278694440e+06,9.878453597692848920e-01,6.862962102241684098e-03
2.458454347111755051e+06,9.898980310103308033e-01,6.866910024289595883e-03
2.458454367944814730e+06,9.677365424831799734e-01,6.848923861665203415e-03
2.458454388777874410e+06,9.881157301649148295e-01,6.865673065230368070e-03
2.458454409610933159e+06,9.985278143200447820e-01,6.862301987042246018e-03
2.458454430443990976e+06,9.792561176041518767e-01,6.858603009100968685e-03
2.458454451277048327e+06,9.933814831572913562e-01,6.854430652958147518e-03
2.458454472110105678e+06,9.754528189017452888e-01,6.852217507277248709e-03
2.458454492943161633e+06,9.808258698298835121e-01,6.853140300632124850e-03
2.458454513776217122e+06,9.763707936726221392e-01,6.851264497057820389e-03
2.458454534609271679e+06,1.003286995481854849e+00,6.862707220636215036e-03
2.458454555442325771e+06,9.857239509450945736e-01,6.863394904755619474e-03
2.458454576275379397e+06,9.837499581972227736e-01,6.855269573193643363e-03
2.458454617941484787e+06,9.848384865594562720e-01,6.852010118017893593e-03
2.458454638774536084e+06,9.923643141907505516e-01,6.858017809281551601e-03
2.458454659607586917e+06,9.929582491438936342e-01,6.858615622597525815e-03
2.458454680440637283e+06,9.882054920525732422e-01,6.852860639628910282e-03
2.458454701273687184e+06,9.918457454188074340e-01,6.857127065351745036e-03
2.458454722106736153e+06,1.007754986672998010e+00,6.867780632640651216e-03
2.458454742939784192e+06,9.956679684028469923e-01,6.864067526914406810e-03
2.458454763772831764e+06,1.002363432692821021e+00,6.858975507211077620e-03
2.458454784605879337e+06,9.828012066541453873e-01,6.851767544549808818e-03
2.458454805438925512e+06,1.012920905039875974e+00,6.859561135687884670e-03
2.458454826271971222e+06,9.908063527920705216e-01,6.851830555510602522e-03
2.458454847105016466e+06,9.909821808074557037e-01,6.861131297340001926e-03
2.458454867938060779e+06,9.960378119477247827e-01,6.865927073803080802e-03
2.458454888771105092e+06,1.005019346282645776e+00,6.858544612549744707e-03
2.458454909604148474e+06,9.789647642852277176e-01,6.846466243633783991e-03
2.458454930437190924e+06,9.958896109569690402e-01,6.858497745313303987e-03
2.458454951270232908e+06,9.910995707442042946e-01,6.856937420882183720e-03
2.458454972103274427e+06,9.932269215175500987e-01,6.860582207169685538e-03
2.458454992936315015e+06,9.896215777118220203e-01,6.856014382891087444e-03
2.458455013769355137e+06,9.983152358118939640e-01,6.855856414659351576e-03
2.458455034602394328e+06,9.830422378087620983e-01,6.853893638494398637e-03
2.458455055435433052e+06,1.006609790608155031e+00,6.862783936053357126e-03
2.458455076268471777e+06,9.824620429878578864e-01,6.854813970004576193e-03
2.458455097101509105e+06,9.877381869249338697e-01,6.848709783296724057e-03
2.458455117934545968e+06,9.999391678182211196e-01,6.856580583502303906e-03
2.458455138767582364e+06,9.880981218898079455e-01,6.845447457314243062e-03
2.458455159600617830e+06,9.809862167293066371e-01,6.847648282203607287e-03
2.458455180433653295e+06,1.001665347557906260e+00,6.859820219441148392e-03
2.458455201266687829e+06,1.012064020603414161e+00,6.861588044924486068e-03
2.458455222099721432e+06,9.965007065791998686e-01,6.859420149730341594e-03
2.458455242932754569e+06,9.850350083739138896e-01,6.847791713199355250e-03
2.458455263765787240e+06,1.000906160701820813e+00,6.858258596844893709e-03
2.458455284598819446e+06,9.953834481271623957e-01,6.862424100328763307e-03
2.458455305431850720e+06,9.906813351986826222e-01,6.856892843589567840e-03
2.458455326264881063e+06,9.992310747296591078e-01,6.857322514088689917e-03
2.458455347097911406e+06,9.975718408175247021e-01,6.860154734290787280e-03
2.458455367930940818e+06,9.940015768019475617e-01,6.859372917334948319e-03
2.458455388763969764e+06,9.922238319729095313e-01,6.857862009971532440e-03
2.458455409596997779e+06,1.004662399281010199e+00,6.861244414521323366e-03
2.458455430430025328e+06,1.005632205782546196e+00,6.859636330296872003e-03
2.458455451263052411e+06,9.892911905686587737e-01,6.849434771263963884e-03
2.458455472096079029e+06,1.011017780619449580e+00,6.863824949560755687e-03
2.458455492929104716e+06,9.978741188091609926e-01,6.857609472759644553e-03
2.458455513762129936e+06,9.929060657301629345e-01,6.854674950201721829e-03
2.458455534595154226e+06,9.941590123816296254e-01,6.860798847401345692e-03
2.458455555428178050e+06,1.000319557212503874e+00,6.856504045318441085e-03
2.458455576261201408e+06,9.977705233875097113e-01,6.855356705994013200e-03
2.458455597094224300e+06,9.920189420074213560e-01,6.855531229847180129e-03
2.458455617927246261e+06,9.764666068843740332e-01,6.845863725552245663e-03
2.458455638760267757e+06,9.970123464512232747e-01,6.857099518405217371e-03
2.458455659593288321e+06,9.836878763243129820e-01,6.848076154175498573e-03
2.458455680426308885e+06,9.922292968370972632e-01,6.849659306097882414e-03
2.458455701259328518e+06,1.003497802643976922e+00,6.856247519539945996e-03
2.458455722092347685e+06,9.900993164575565553e-01,6.849134186274349022e-03
2.458455742925365921e+06,9.962894174786574020e-01,6.848564170661135958e-03
2.458455763758383691e+06,1.002719575426221477e+00,6.857267763239560318e-03
2.458455784591400996e+06,1.001066052367893811e+00,6.859483169633845585e-03
2.458455805424417369e+06,9.911312698765570861e-01,6.852510441053919973e-03
2.458455826257433742e+06,9.746297907230733193e-01,6.837668618692486003e-03
2.458455847090448719e+06,9.740975420989973488e-01,6.843418313450967856e-03
2.458455867923463695e+06,9.800436772428308130e-01,6.851082190208347862e-03
2.458455888756477740e+06,1.002398235742636645e+00,6.857305519526518331e-03
2.458455909589491319e+06,9.831053257013163682e-01,6.838427342122890135e-03
2.458455930422504432e+06,9.924127557391134724e-01,6.850568729355519144e-03
2.458455951255516615e+06,1.002934316524944691e+00,6.854244982135785681e-03
2.458455972088528797e+06,1.002416729504358228e+00,6.856010326477291437e-03
2.458455992921539582e+06,9.877749344396993258e-01,6.849997988426551575e-03
2.458456013754550368e+06,9.874536947845895529e-01,6.841624177809388883e-03
2.458456034587560222e+06,9.920610584206608351e-01,6.840814114265487446e-03
2.458456055420569144e+06,9.924156124199677853e-01,6.850086621841282482e-03
2.458456076253578067e+06,9.801176185122647544e-01,6.845954835591749020e-03
2.458456097086586524e+06,9.992976967543899525e-01,6.852062940755293020e-03
2.458456117919593584e+06,1.002274918361200751e+00,6.846317532371215889e-03
2.458456138752600644e+06,9.776379623819476672e-01,6.837270850629161185e-03
2.458456159585606772e+06,9.864405648939055249e-01,6.842265722722410716e-03
2.458456180418612901e+06,9.915168038982312693e-01,6.843851855936912247e-03
2.458456201251618098e+06,9.862403907311232398e-01,6.848640646552118724e-03
2.458456222084622364e+06,9.929125570824798297e-01,6.851631302422145006e-03
2.458456242917626165e+06,1.002896865172810958e+00,6.850891001796333493e-03
2.458456263750629500e+06,9.892938603607590586e-01,6.846001400724600200e-03
2.458456284583632369e+06,9.954444562690165643e-01,6.843478155537096284e-03
2.458456305416634772e+06,9.981626596166486287e-01,6.851590047649281506e-03
2.458456326249636244e+06,9.909194203861795280e-01,6.850865047205373544e-03
2.458456347082636785e+06,1.006909850675945295e+00,6.851760622848570605e-03
2.458456367915637325e+06,9.966906278045045697e-01,6.848646630728526599e-03
2.458456388748637401e+06,9.928232729119558231e-01,6.846190883084453047e-03
2.458456409581636544e+06,1.015148505166807880e+00,6.852653535961588695e-03
2.458456430414634757e+06,1.001895389128349967e+00,6.849723817141583834e-03
2.458456451247632969e+06,1.010125669345541155e+00,6.854067359525997660e-03
2.458456472080630250e+06,1.002469757838835296e+00,6.853816913776821125e-03
2.458456492913627066e+06,9.992221398244524044e-01,6.853037719624900659e-03
2.458456513746622950e+06,1.004338814451313011e+00,6.847560134993945641e-03
2.458456534579618834e+06,9.997512885085440004e-01,6.850756465598190591e-03
2.458456555412613787e+06,9.878885993565814649e-01,6.841124247929797862e-03
2.458456576245608274e+06,9.997264755770305378e-01,6.852982117190012552e-03
2.458456597078601830e+06,1.006729411953108722e+00,6.856291523578247199e-03
2.458456617911594920e+06,9.962774507461985563e-01,6.844013483591651452e-03
2.458456638744587544e+06,1.001410051750052377e+00,6.859497660800665912e-03
2.458456659577579703e+06,9.911992462376544299e-01,6.851546625703209756e-03
2.458456680410571396e+06,1.001871998710410772e+00,6.849298633567953501e-03
2.458456701243562158e+06,9.927327259082108224e-01,6.841806697543010088e-03
2.458456722076552454e+06,1.006848464664046761e+00,6.852934225187290451e-03
2.458456742909541819e+06,1.011300562290567528e+00,6.862494335092127890e-03
2.458456763742531184e+06,9.966996607053347779e-01,6.858379655394984328e-03
2.458456784575519618e+06,9.927890291155476721e-01,6.839896017548026223e-03
2.458456805408507586e+06,9.934535424632482403e-01,6.846486282553377982e-03
2.458456826241494622e+06,9.950852384527598682e-01,6.843007878138344935e-03
2.458456847074481193e+06,1.006057852666879748e+00,6.853453544470432951e-03
2.458456867907467764e+06,9.993154868559491755e-01,6.848991850253082804e-03
2.458456888740452938e+06,9.837421946039446308e-01,6.844662753107351276e-03
2.458456909573438112e+06,9.853897602396374245e-01,6.837053453581548243e-03
2.458456930406422354e+06,9.993817629877723707e-01,6.850534689318701215e-03
2.458456951239406131e+06,9.979755206325948702e-01,6.853126538971904616e-03
2.458456972072389442e+06,1.002552015875104452e+00,6.843157635194845392e-03
2.458456992905371822e+06,9.897461849298831993e-01,6.841654894652962789e-03
2.458457013738353737e+06,9.876541606672817331e-01,6.843396841599473993e-03
2.458457034571335185e+06,9.979381150878126050e-01,6.846334171181464763e-03
2.458457055404316168e+06,9.790126577680756670e-01,6.846610103502930554e-03
2.458457076237296220e+06,1.008133739368361148e+00,6.845898226986991270e-03
2.458457097070276272e+06,1.002868250450187571e+00,6.846162792289869382e-03
2.458457117903254926e+06,9.844649071674450580e-01,6.833580203577591973e-03
2.458457138736233581e+06,9.925439911301913165e-01,6.842972489716798480e-03
2.458457159569211304e+06,9.956102327745591785e-01,6.848868170519900427e-03
2.458457180402189028e+06,9.955001615141738647e-01,6.841594272980031262e-03
2.458457201235165354e+06,9.854571836940752005e-01,6.847623878868087412e-03
2.458457222068141680e+06,9.900891760442149803e-01,6.847875341500609704e-03
2.458457242901117075e+06,9.928150942146496405e-01,6.846079400656779161e-03
2.458457263734092005e+06,9.827991684625932978e-01,6.848955714248085476e-03
2.458457284567066468e+06,9.840794205450443810e-01,6.843488846112731096e-03
2.458457305400040466e+06,9.909702210003956679e-01,6.852542742442986091e-03
2.458457326233013533e+06,9.852779765968965320e-01,6.847660644570542979e-03
2.458457347065986134e+06,9.933013623708442097e-01,6.847772014472594364e-03
2.458457367898958270e+06,9.857443444645972441e-01,6.845827257765960995e-03
2.458457388731929474e+06,9.948158478589139708e-01,6.847121369568903541e-03
2.458457409564900212e+06,9.939669024609248948e-01,6.849200581301918660e-03
2.458457430397870485e+06,9.847402381297013507e-01,6.855157702112899681e-03
2.458457451230840292e+06,9.749034980557169661e-01,6.843532496656569430e-03
2.458457472063809633e+06,9.937818928624898573e-01,6.858469176971164136e-03
2.458457492896778043e+06,9.872493108785322935e-01,6.849894797255767949e-03
2.458457513729745988e+06,9.950292396331001932e-01,6.851737055945188691e-03
2.458457534562713467e+06,9.952282220060854057e-01,6.851350920285923830e-03
2.458457555395680014e+06,9.856830737349877580e-01,6.837150141841478838e-03
2.458457576228646562e+06,9.895179024175764226e-01,6.847510843264057769e-03
2.458457617894576862e+06,1.017262743324825802e+00,6.856519500092144066e-03
2.458457638727541082e+06,1.000448971358344874e+00,6.845660201301183995e-03
2.458457659560505301e+06,9.984945217357786840e-01,6.849962557532915906e-03
2.458457680393468589e+06,1.015497736153404329e+00,6.854921858035137663e-03
2.458457701226430945e+06,9.931928737891674297e-01,6.849280511224773577e-03
2.458457722059404477e+06,9.978197737104540499e-01,6.854796907947545079e-03
2.458457742892365903e+06,1.009653725914925415e+00,6.856937852411937491e-03
2.458457763725327328e+06,9.927107551165452737e-01,6.851156611772804030e-03
2.458457784558287356e+06,9.854675958553563708e-01,6.841710863899177000e-03
2.458457805391247384e+06,9.981076599803185845e-01,6.847722604515963860e-03
2.458457826224206481e+06,9.898216791941693016e-01,6.842889574771011604e-03
2.458457847057165112e+06,9.996582805191797094e-01,6.842958580065278476e-03
2.458457867890123278e+06,1.004461728357362915e+00,6.851102046225764075e-03
2.458457888723080512e+06,9.941484797029105369e-01,6.844302681292424410e-03
2.458457909556037281e+06,9.875124590622642584e-01,6.838701007564284250e-03
2.458457930388993584e+06,9.893927190081091005e-01,6.844717644335983169e-03
2.458457951221949421e+06,9.917575486831897713e-01,6.850343258025705893e-03
2.458457972054904327e+06,9.974763254785714572e-01,6.851921399170548578e-03
2.458457992887858767e+06,1.010886317505873988e+00,6.855449099023201535e-03
2.458458013720812742e+06,1.006197932216578828e+00,6.857838311426555332e-03
2.458458034553766251e+06,9.993407859479693789e-01,6.857217546110932170e-03
2.458458055386719294e+06,9.821749825547800850e-01,6.843683810591604834e-03
2.458458076219671406e+06,1.000996726750253529e+00,6.850359761725527581e-03
2.458458097052623052e+06,1.000464142523046718e+00,6.854106124113639072e-03
2.458458117885573767e+06,9.956120360025683125e-01,6.850829123501893728e-03
2.458458138718524016e+06,1.008548781957428586e+00,6.852356791647460678e-03
2.458458159551474266e+06,9.970433479600300242e-01,6.847088206014364728e-03
2.458458180384423584e+06,1.011469176349972354e+00,6.853451334796749339e-03
2.458458201217371970e+06,9.903862185561158604e-01,6.848085609128681805e-03
2.458458222050320357e+06,9.854621003667708434e-01,6.844083697537352469e-03
2.458458242883267812e+06,1.002246078115940131e+00,6.848669918852930312e-03
2.458458263716214802e+06,9.875323188822290321e-01,6.841768071414779280e-03
2.458458284549161326e+06,9.940682723817113597e-01,6.852032599253608629e-03
2.458458305382106919e+06,9.919747957158719931e-01,6.847657021392118161e-03
2.458458326215052046e+06,1.008400336496281913e+00,6.854875976068392635e-03
2.458458347047996707e+06,9.917048332196155558e-01,6.852726307912232126e-03
2.458458367880940903e+06,9.883823240376216068e-01,6.850636658807152286e-03
2.458458388713884167e+06,9.971022456431577474e-01,6.851108645211292231e-03
2.458458409546826966e+06,9.965565192852133825e-01,6.847461907868107947e-03
2.458458430379769299e+06,9.885592197063703956e-01,6.842912313338612475e-03
2.458458451212711167e+06,1.002766305078819364e+00,6.851687388580199670e-03
2.458458472045652103e+06,1.006008391969920757e+00,6.853870671141692322e-03
2.458458492878592573e+06,1.011615706490171629e+00,6.863388324013846784e-03
2.458458513711532578e+06,1.006395257561096157e+00,6.857671955240562944e-03
2.458458534544472117e+06,9.956983661656226836e-01,6.850575502390083768e-03
2.458458555377410725e+06,1.000574484063258218e+00,6.852047889870510611e-03
2.458458576210348867e+06,9.955565366687862960e-01,6.848947720502469513e-03
2.458458597043286543e+06,9.921385014889347875e-01,6.843651379029216074e-03
2.458458617876223754e+06,9.949655897784038805e-01,6.842565598479218546e-03
2.458458638709160034e+06,9.887848733671823487e-01,6.840865085546619928e-03
2.458458659542095847e+06,9.965034174040322545e-01,6.845647768826147554e-03
2.458458680375031196e+06,9.948474102150256515e-01,6.845101566368594521e-03
2.458458701207966078e+06,1.001479489585925142e+00,6.848726723383251162e-03
2.458458722040900029e+06,1.007320659651215644e+00,6.848273604973744919e-03
2.458458742873833515e+06,9.899572171470762960e-01,6.842024055042691261e-03
2.458458763706766535e+06,9.921885963691815524e-01,6.846099413730815687e-03
2.458458784539699089e+06,9.939706027445019965e-01,6.842305568019414405e-03
2.458458805372630712e+06,1.019595861804561743e+00,6.856948828457242774e-03
2.458458826205561869e+06,9.788090086431004977e-01,6.837589980066756737e-03
2.458458847038492095e+06,9.973480087562167640e-01,6.844914103290888549e-03
2.458458867871422321e+06,9.945708832426896073e-01,6.840739209330667578e-03
2.458458888704352081e+06,9.895775419217706093e-01,6.838477880586865502e-03
2.458458909537280444e+06,9.988078912610557358e-01,6.850200241963480367e-03
2.458458930370208807e+06,1.011789336995782218e+00,6.846794703147877394e-03
2.458458951203136705e+06,9.852748483706764704e-01,6.832013828782185737e-03
2.458458972036063671e+06,1.003758271525343027e+00,6.850947210250463333e-03
2.458458992868990172e+06,9.876515131919145762e-01,6.838035223267625862e-03
2.458459013701916207e+06,9.944973462942117148e-01,6.848154455325448746e-03
2.458459034534841310e+06,1.002200213986644606e+00,6.847080875740358015e-03
2.458459055367766414e+06,9.939349860306910811e-01,6.841151020615442689e-03
2.458459076200690120e+06,1.000494206566280742e+00,6.841782938852915795e-03
2.458459097033613827e+06,1.001361641578840223e+00,6.838731914473124632e-03
2.458459117866536602e+06,9.907779727999538322e-01,6.843424694595722814e-03
2.458459138699458912e+06,9.957509312654284628e-01,6.843783125572005903e-03
2.458459159532381222e+06,1.002114524052837519e+00,6.850117414021859516e-03
2.458459180365302134e+06,1.001974779921247949e+00,6.847476959124456850e-03
2.458459201198222581e+06,1.007692250960211755e+00,6.847457299148112034e-03
2.458459222031142563e+06,9.959769392201860416e-01,6.839429481198700846e-03
2.458459242864062078e+06,9.956669476392285834e-01,6.845586235660621952e-03
2.458459263696981128e+06,9.917164396974992302e-01,6.845145040062565640e-03
2.458459284529899247e+06,1.007609474824017193e+00,6.854520621717916096e-03
2.458459305362816900e+06,9.969676649484475739e-01,6.845894781177054404e-03
2.458459326195734087e+06,9.976202305627152045e-01,6.848934496992782096e-03
2.458459347028650809e+06,1.004452445204748967e+00,6.847951904485291043e-03
2.458459367861566599e+06,1.004394070234668312e+00,6.841730552673097251e-03
2.458459388694481924e+06,1.001137003205301523e+00,6.845949122471941053e-03
2.458459409527396318e+06,9.998887511566738606e-01,6.848033747523685211e-03
2.458459430360310711e+06,9.892246734944419861e-01,6.841942892671399636e-03
2.458459451193224173e+06,9.942005790123994435e-01,6.844316092956218706e-03
2.458459472026137169e+06,9.846058368803868310e-01,6.844297431681379933e-03
2.458459492859049235e+06,9.924249711502197702e-01,6.843029490388274731e-03
2.458459513691960834e+06,9.960961021541875349e-01,6.843295544830835068e-03
2.458459534524871968e+06,9.969664997824885244e-01,6.847509406962866071e-03
2.458459555357783101e+06,1.000235761114887767e+00,6.837671886096303997e-03
2.458459576190692838e+06,9.991351541385736779e-01,6.848521997895173387e-03
2.458459597023602109e+06,9.950735173281212154e-01,6.848160582228174365e-03
2.458459617856510915e+06,9.887047149100908205e-01,6.839683913249300015e-03
2.458459638689418789e+06,1.001679294300641843e+00,6.850258512639565908e-03
2.458459659522326663e+06,9.905112403392468678e-01,6.841959716748704547e-03
2.458459680355233606e+06,9.984107029215975038e-01,6.846910180942618850e-03
2.458459701188140083e+06,9.850289535520951878e-01,6.843731392396830773e-03
2.458459722021045629e+06,9.881515554467645845e-01,6.845097901412498104e-03
2.458459742853951175e+06,1.003013091319257866e+00,6.849604004433076758e-03
2.458459763686855789e+06,9.849921703094126624e-01,6.850261288985396227e-03
2.458459784519759938e+06,9.874471459798741524e-01,6.843566697627664550e-03
2.458459805352663156e+06,9.942247692127419434e-01,6.855617575444657684e-03
2.458459826185565908e+06,9.979770275054340445e-01,6.852348909835977685e-03
2.458459847018468194e+06,9.938866777337822533e-01,6.852883984943832808e-03
2.458459867851370014e+06,9.930360748912613333e-01,6.855553649254613087e-03
2.458459888684270903e+06,9.913005739427801499e-01,6.858378160948954728e-03
2.458459909517171327e+06,9.903832934541993982e-01,6.856146375450965051e-03
2.458459930350070819e+06,9.912722287815949329e-01,6.845573530866322885e-03
2.458459951182970311e+06,1.001243522841706257e+00,6.853238772669452070e-03
2.458459972015868872e+06,9.881364219405436300e-01,6.848652911608513714e-03
2.458459992848766968e+06,9.939433611215913178e-01,6.851935825326971666e-03
2.458460013681664132e+06,9.925733282768001153e-01,6.844925942234540359e-03
2.458460034514560830e+06,9.760708911021650502e-01,6.838187581559391701e-03
2.458460055347457062e+06,9.854496302336126501e-01,6.844025746631801632e-03
2.458460076180352829e+06,9.968679901862455006e-01,6.847656578404672824e-03
2.458460097013247665e+06,9.973413583845625041e-01,6.842335553893298151e-03
2.458460117846142035e+06,9.804100931203142411e-01,6.839409787516776036e-03
2.458460138679035939e+06,1.003891676623591911e+00,6.846729573379901033e-03
2.458460159511929378e+06,9.890805035980323456e-01,6.847839645207180748e-03
2.458460180344821885e+06,1.002684438109973319e+00,6.839440494317206541e-03
2.458460201177713461e+06,9.862176133594438010e-01,6.835556921415326427e-03
2.458460222010605037e+06,9.871788883209853260e-01,6.836906969590753405e-03
2.458460242843495682e+06,9.872333727847163454e-01,6.837011914798497847e-03
2.458460263676385861e+06,9.904041057499720635e-01,6.835185653600224856e-03
2.458460284509275574e+06,9.859839715364602242e-01,6.832529801760684265e-03
2.458460305342164356e+06,1.004931889678319257e+00,6.850137395527165773e-03
2.458460326175052673e+06,9.765208973281251925e-01,6.824894047331272334e-03
2.458460347007940523e+06,1.000172050126305612e+00,6.841435196153728554e-03
2.458460367840827443e+06,9.874725315866634823e-01,6.836949560460205307e-03
2.458460388673713896e+06,9.906347506054995478e-01,6.831234862047555131e-03
2.458460409506599884e+06,9.967381773385701749e-01,6.842180894461777872e-03
2.458460430339484941e+06,9.846439420658598118e-01,6.825764990556270478e-03
2.458460451172369998e+06,9.883690793266847185e-01,6.830027934295430751e-03
2.458460472005253658e+06,9.938491291991219390e-01,6.831463320189235661e-03
2.458460492838137317e+06,9.863236084376094670e-01,6.832567948072950335e-03
2.458460513671020046e+06,9.728879943499143534e-01,6.824413634569936188e-03
2.458460534503902309e+06,1.001497519557504656e+00,6.840231465444146335e-03
2.458460555336783640e+06,9.815373635364618154e-01,6.828480665851851573e-03
2.458460576169664506e+06,9.895552746199932637e-01,6.833052158231464439e-03
2.458460617835424840e+06,9.963436446861069218e-01,6.835757427916088445e-03
2.458460638668303844e+06,1.000513744865983101e+00,6.841702579133639335e-03
2.458460659501182381e+06,9.940449027710731578e-01,6.835207346984631394e-03
2.458460680334059987e+06,1.007082439490001535e+00,6.839050111291009558e-03
2.458460701166937128e+06,1.008382176271679809e+00,6.843269993281941854e-03
2.458460721999813803e+06,9.981286004691702907e-01,6.834974594263877427e-03
2.458460742832690012e+06,9.792025363300749241e-01,6.832909594704290011e-03
2.458460763665565290e+06,9.915882021770611177e-01,6.827949313096538103e-03
2.458460784498440102e+06,9.887104953433134558e-01,6.834641831950127519e-03
2.458460805331313983e+06,1.000165256133730640e+00,6.837479267004074705e-03
2.458460826164187398e+06,9.967363468953090999e-01,6.838448866637191273e-03
2.458460846997060813e+06,1.002054302007221009e+00,6.841994866422175872e-03
2.458460867829932831e+06,1.007888760133197170e+00,6.837481474669700535e-03
2.458460888662804384e+06,1.006353623859130852e+00,6.834415398193912673e-03
2.458460909495675471e+06,9.820777413007459877e-01,6.825731916108955868e-03
2.458460930328545626e+06,9.902692811003582785e-01,6.828629219880355365e-03
2.458460951161415316e+06,1.000851787133514081e+00,6.837257412871861929e-03
2.458460971994284540e+06,9.932317855718989508e-01,6.824470145698141067e-03
2.458460992827152833e+06,9.955051437517593582e-01,6.837936424569577600e-03
2.458461013660020661e+06,9.958933048761205997e-01,6.836577907710371209e-03
2.458461034492888022e+06,9.780796684934687235e-01,6.830979011283051794e-03
2.458461055325754452e+06,1.010550028982773796e+00,6.838902092623334351e-03
2.458461076158620417e+06,1.005830294779441969e+00,6.838264436578291895e-03
2.458461096991485916e+06,9.969755537937962098e-01,6.832139147178977433e-03
2.458461117824350484e+06,1.004196950452121539e+00,6.840605981152921532e-03
2.458461138657214586e+06,9.777964474552089946e-01,6.824879441811289651e-03
2.458461159490077756e+06,9.989632789339116803e-01,6.839303877559546434e-03
2.458461180322940461e+06,9.823747811105647543e-01,6.830792336811375258e-03
2.458461201155802701e+06,9.987058690309696951e-01,6.840923953994640719e-03
2.458461221988664009e+06,9.912958359871029135e-01,6.823646319990217535e-03
2.458461242821524851e+06,9.950527805270247272e-01,6.834061257196965763e-03
2.458461263654385228e+06,1.000272192019436179e+00,6.840686479862277854e-03
2.458461284487244673e+06,9.986253795603255989e-01,6.837108521187175610e-03
2.458461305320103653e+06,9.818974526083796839e-01,6.832277479739699670e-03
2.458461326152961701e+06,9.814798069049851525e-01,6.826447225854725791e-03
2.458461346985819284e+06,1.002092462401436679e+00,6.841038403302197868e-03
2.458461367818676401e+06,9.977280867775349948e-01,6.848493212003719903e-03
2.458461388651532587e+06,9.908375428444569089e-01,6.824965942688481640e-03
2.458461409484388307e+06,9.910974912242349610e-01,6.834329650256666319e-03
2.458461430317243095e+06,9.974224862614674558e-01,6.832890298227705869e-03
2.458461451150097419e+06,9.946140839501949049e-01,6.840937995383113666e-03
2.458461471982951276e+06,9.984710583679743401e-01,6.835880065368302692e-03
2.458461492815804202e+06,1.007607143246481263e+00,6.837266612512843227e-03
2.458461513648656663e+06,9.946844075740458591e-01,6.828668514354937526e-03
2.458461534481508657e+06,9.883298914047484729e-01,6.838958636893395678e-03
2.458461555314359255e+06,1.004114676965582431e+00,6.842044360782355630e-03
2.458461576147209853e+06,1.000017515152315406e+00,6.834835417525952223e-03
2.458461596980059519e+06,9.836325765495177453e-01,6.834564073314083540e-03
2.458461617812908720e+06,1.011980547415942011e+00,6.848907900137245555e-03
2.458461638645756990e+06,9.966294731141196461e-01,6.838889171239082715e-03
2.458461659478604794e+06,9.875071900420322457e-01,6.831243739639491011e-03
2.458461680311452132e+06,9.890513929266322446e-01,6.839788093018282604e-03
2.458461701144298539e+06,9.809492933968957384e-01,6.835327558092386090e-03
2.458461721977144480e+06,1.005075106021087405e+00,6.843195089361577867e-03
2.458461742809989490e+06,9.953438888752500491e-01,6.841351497720413351e-03
2.458461763642833568e+06,9.987385926956402482e-01,6.835895522767448072e-03
2.458461784475677647e+06,9.912733583013493277e-01,6.834162116184983905e-03
2.458461805308520328e+06,9.889730698361729466e-01,6.832775771821232060e-03
2.458461826141363010e+06,9.992765183419958230e-01,6.838091447879968490e-03
2.458461846974204760e+06,9.983723506045922846e-01,6.840574226370423581e-03
2.458461867807046045e+06,9.942029646241949958e-01,6.842412666311782632e-03
2.458461888639886398e+06,9.956540127342774493e-01,6.842532392489349309e-03
2.458461909472725820e+06,1.010799903484047801e+00,6.839626661817938685e-03
2.458461930305565242e+06,9.889362667706808052e-01,6.837766666877971578e-03
2.458461951138403267e+06,9.928080430741329510e-01,6.841310805794584456e-03
2.458461971971241292e+06,9.989408399011813211e-01,6.841060183342097083e-03
2.458461992804077920e+06,1.005881271108164610e+00,6.843178386572625581e-03
2.458462013636914548e+06,9.865744724989370384e-01,6.837781603950873928e-03
2.458462034469750244e+06,9.900653197457167654e-01,6.835919196268672518e-03
2.458462055302585009e+06,1.001798510689531962e+00,6.837579012242283455e-03
2.458462076135419309e+06,9.995658209679243456e-01,6.838026516008430082e-03
2.458462096968253143e+06,9.847290862915287768e-01,6.832913854516795352e-03
2.458462117801086046e+06,1.000272227410747172e+00,6.840748190934375743e-03
2.458462138633918017e+06,9.854232592098484123e-01,6.832703258995765673e-03
2.458462159466749523e+06,9.849583783668964809e-01,6.833142109891236250e-03
2.458462180299580563e+06,9.843856849594657676e-01,6.829779608511979752e-03
2.458462201132410672e+06,9.751440372990222150e-01,6.830272220224907834e-03
2.458462221965240315e+06,9.993498463402705756e-01,6.839908338749076111e-03
2.458462242798069026e+06,9.973150095585109343e-01,6.837042168401323908e-03
2.458462263630896807e+06,9.755725071151456484e-01,6.823060943421829089e-03
2.458462284463724121e+06,9.883187704847632427e-01,6.837149753370915829e-03
2.458462305296550971e+06,1.003713121235360273e+00,6.838728267737011896e-03
2.458462326129376888e+06,9.943966178708866233e-01,6.827296377874521663e-03
2.458462346962202340e+06,9.766261295378557694e-01,6.823435529961251189e-03
2.458462367795026861e+06,9.995819024274030795e-01,6.838687186005392923e-03
2.458462388627850451e+06,9.780391047161056672e-01,6.829391354793909290e-03
2.458462409460673574e+06,9.938168842663399616e-01,6.832517100606169853e-03
2.458462430293496232e+06,9.887804341717578716e-01,6.830548762210621530e-03
2.458462451126317959e+06,9.931066267657773228e-01,6.833446048798838199e-03
2.458462471959139220e+06,9.820448534146041242e-01,6.826899294966048970e-03
2.458462492791959550e+06,9.820049609434363669e-01,6.830053274852291960e-03
2.458462513624779414e+06,9.914842635535383586e-01,6.828541589610595194e-03
2.458462534457598347e+06,9.826075127520437213e-01,6.828257259076441626e-03
2.458462555290416349e+06,9.754587066618378710e-01,6.822608910611752640e-03
2.458462576123233885e+06,9.931078953488666761e-01,6.830839050597586892e-03
2.458462596956050489e+06,9.793324590013340325e-01,6.825460160413316518e-03
2.458462617788867094e+06,9.863021333821953007e-01,6.825978713167854539e-03
2.458462638621682301e+06,9.787753412694502053e-01,6.829426452269941536e-03
2.458462659454497043e+06,9.765172553789668308e-01,6.820749982712199892e-03
2.458462680287310854e+06,9.882038611100580905e-01,6.830250793384287471e-03
2.458462701120124198e+06,9.958805020501113603e-01,6.836820276816161536e-03
2.458462721952937078e+06,9.925046835853124083e-01,6.827631907957710557e-03
2.458462742785748560e+06,9.811154974832303477e-01,6.834578923625714113e-03
2.458462763618559577e+06,9.793485202504801368e-01,6.828377815851636307e-03
2.458462784451370127e+06,9.829738617609591333e-01,6.825164499090246445e-03
2.458462805284179747e+06,9.902704545111247203e-01,6.827682865544488361e-03
2.458462826116988901e+06,9.830146354637859796e-01,6.827401734420826540e-03
2.458462846949797124e+06,9.832890342886865254e-01,6.827219463714524067e-03
2.458462867782604881e+06,9.749012470977220790e-01,6.827301844256383583e-03
2.458462888615411706e+06,9.819543074734247146e-01,6.825355877846539347e-03
2.458462909448218066e+06,9.796968411317976688e-01,6.827633084747951331e-03
2.458462930281023495e+06,9.880089026775185079e-01,6.831080822027635856e-03
2.458462951113828458e+06,9.966442628213139088e-01,6.836036101758559240e-03
2.458462971946632490e+06,9.766507586513928363e-01,6.822029924606448116e-03
2.458462992779436056e+06,9.739887506784171700e-01,6.823049462524811287e-03
2.458463013612238690e+06,9.888647240832283414e-01,6.833590912020620980e-03
2.458463034445040859e+06,9.714977246486193874e-01,6.821158578336553036e-03
2.458463055277842097e+06,9.824709728455979230e-01,6.828364001792661467e-03
2.458463076110642869e+06,9.790532520356212132e-01,6.826549307789098360e-03
2.458463096943442710e+06,9.866379805774804224e-01,6.826452373668316989e-03
2.458463117776242085e+06,9.629404749537924246e-01,6.814461470449238549e-03
2.458463138609040529e+06,9.820584245043785243e-01,6.824063193562446457e-03
2.458463159441838507e+06,9.746988979667731146e-01,6.825785029586894578e-03
2.458463180274636019e+06,9.840925275052168075e-01,6.824813175909864686e-03
2.458463201107432600e+06,9.594444989257193690e-01,6.814111703324487491e-03
2.458463221940228716e+06,9.787866484941917244e-01,6.823134388967129135e-03
2.458463242773024365e+06,9.678459436879827127e-01,6.822814400730582360e-03
2.458463263605819084e+06,9.697369361398175958e-01,6.817561253320975068e-03
2.458463284438613337e+06,9.716858551257357979e-01,6.816960116414921486e-03
2.458463305271407124e+06,9.702977463014620385e-01,6.819376513108079720e-03
2.458463326104199979e+06,9.764416218613304332e-01,6.821034576071488380e-03
2.458463346936992370e+06,9.618431474049876639e-01,6.814579821186429916e-03
2.458463367769783828e+06,9.929848934602309996e-01,6.828533412435557406e-03
2.458463388602575287e+06,9.565281652497765741e-01,6.810963828326074138e-03
2.458463409435366280e+06,9.791254271233512663e-01,6.826837931382908828e-03
2.458463430268156342e+06,9.566527323209242928e-01,6.818141629017216571e-03
2.458463451100946404e+06,9.674307161384179121e-01,6.821114900424584369e-03
2.458463471933735535e+06,9.815639735285222045e-01,6.828774868499342884e-03
2.458463492766524199e+06,9.800368152229845808e-01,6.825046039700944332e-03
2.458463513599312864e+06,9.827965185073452847e-01,6.819719793631436738e-03
2.458463534432100598e+06,9.800217580726772182e-01,6.828739612278543307e-03
2.458463555264888331e+06,9.771365498443683739e-01,6.824460534113946722e-03
2.458463576097675599e+06,9.755554409505760027e-01,6.870990761383302323e-03
2.458463617763249669e+06,9.690035874087097323e-01,7.266582810543119331e-03
2.458463638596036006e+06,9.596875713059869195e-01,7.577225111498515214e-03
2.458463659428822342e+06,9.554211682725782806e-01,7.951563635598945037e-03
2.458463680261608213e+06,9.460167530012638659e-01,8.307473035470414047e-03
2.458463701094394550e+06,9.679837076690851472e-01,8.664600501706224908e-03
2.458463721927180421e+06,9.423573694597995321e-01,9.025067490413908600e-03
2.458463742759966291e+06,9.514715500961021810e-01,9.451587909192543310e-03
2.458463763592752628e+06,9.388936474634843599e-01,9.937281504099332655e-03
2.458463784425538965e+06,9.514257194794454309e-01,1.047669713938388300e-02
2.458463805258325767e+06,9.349123906518927996e-01,1.106957570301841248e-02
2.458463826091112569e+06,9.584671519461868128e-01,1.169659312279496509e-02
2.458463846923899837e+06,9.346768035376694650e-01,1.232449028497747089e-02
2.458463867756687105e+06,9.295357978749426708e-01,1.294533806515793355e-02
2.458463888589475770e+06,9.467760693010036643e-01,1.358130996649913221e-02
2.458463909422264900e+06,9.474887849602606771e-01,1.420200899991881476e-02
2.458463930255054496e+06,9.312053913180683429e-01,1.483259671587884923e-02
2.458463951087845489e+06,9.113101925487216981e-01,1.547478938125870611e-02
2.458463971920636948e+06,9.485084427549927977e-01,1.618903486611431713e-02
2.458463992753430270e+06,9.187458933060136390e-01,1.696446316501156945e-02
2.458464013586224522e+06,9.150085210642929789e-01,1.780008378504685171e-02
2.458464034419020638e+06,9.071766945758779066e-01,1.865836600993033348e-02
2.458464055251818150e+06,8.746816530912945309e-01,1.950362285785636751e-02
2.458464096917418763e+06,9.251241971903023664e-01,2.133508586195143747e-02
2.458464117750222329e+06,9.212037406715560817e-01,2.234886207227624808e-02
2.458464138583028223e+06,8.750586436719810512e-01,2.341970871396977655e-02
